bgg_id,name,overall_rank,col
224517,Brass: Birmingham,1,0
342942,Ark Nova,2,1
161936,Pandemic Legacy: Season 1,3,2
174430,Gloomhaven,4,3
397598,Dune: Imperium – Uprising,5,4
316554,Dune: Imperium,6,5
233078,Twilight Imperium: Fourth Edition,7,6
115746,War of the Ring: Second Edition,8,7
167791,Terraforming Mars,9,8
187645,Star Wars: Rebellion,10,9
162886,Spirit Island,11,10
291457,Gloomhaven: Jaws of the Lion,12,11
220308,Gaia Project,13,12
12333,Twilight Struggle,14,13
84876,The Castles of Burgundy,15,14
418059,SETI: Search for Extraterrestrial Intelligence,16,15
338960,Slay the Spire: The Board Game,17,16
182028,Through the Ages: A New Story of Civilization,18,17
193738,Great Western Trail,19,18
421006,The Lord of the Rings: Duel for Middle-earth,20,19
295770,Frosthaven,21,20
246900,Eclipse: Second Dawn for the Galaxy,22,21
28720,Brass: Lancashire,23,22
173346,7 Wonders Duel,24,23
167355,Nemesis,25,24
169786,Scythe,26,25
177736,A Feast for Odin,27,26
266507,Clank! Legacy: Acquisitions Incorporated,28,27
124361,Concordia,29,28
312484,Lost Ruins of Arnak,30,29
341169,Great Western Trail: Second Edition,31,30
205637,Arkham Horror: The Card Game,32,31
373106,Sky Team,33,32
237182,Root,34,33
120677,Terra Mystica,35,34
164928,Orléans,36,35
192135,Too Many Bones,37,36
266192,Wingspan,38,37
96848,Mage Knight Board Game,39,38
251247,Barrage,40,39
321608,Hegemony: Lead Your Class to Victory,41,40
199792,Everdell,42,41
324856,The Crew: Mission Deep Sea,43,42
183394,Viticulture Essential Edition,44,43
284378,Kanban EV,45,44
521,Crokinole,46,45
366013,Heat: Pedal to the Metal,47,46
285774,Marvel Champions: The Card Game,48,47
175914,Food Chain Magnate,49,48
247763,Underwater Cities,50,49
390092,Ticket to Ride Legacy: Legends of the West,51,50
365717,Clank!: Catacombs,52,51
256960,Pax Pamir: Second Edition,53,52
253344,Cthulhu: Death May Die,54,53
3076,Puerto Rico,55,54
383179,Age of Innovation,56,55
414317,Harmonies,57,56
184267,On Mars,58,57
314040,Pandemic Legacy: Season 0,59,58
295947,Cascadia,60,59
185343,Anachrony,61,60
102794,Caverna: The Cave Farmers,62,61
251661,Oathsworn: Into the Deepwood,63,62
31260,Agricola,64,63
170216,Blood Rage,65,64
231733,Obsession,66,65
182874,Grand Austria Hotel,67,66
240980,Blood on the Clocktower,68,67
161533,Lisboa,69,68
221107,Pandemic Legacy: Season 2,70,69
255984,Sleeping Gods,71,70
371942,The White Castle,72,71
126163,Tzolk'in: The Mayan Calendar,73,72
2651,Power Grid,74,73
205059,Mansions of Madness: Second Edition,75,74
216132,Clans of Caledonia,76,75
380607,Great Western Trail: New Zealand,77,76
244521,Quacks,78,77
266810,Paladins of the West Kingdom,79,78
35677,Le Havre,80,79
125153,The Gallerist,81,80
124742,Android: Netrunner,82,81
164153,Star Wars: Imperial Assault,83,82
367966,Endeavor: Deep Sea,84,83
200680,Agricola (Revised Edition),85,84
337627,Voidfall,86,85
276025,Maracaibo,87,86
366161,Wingspan Asia,88,87
322289,Darwin's Journey,89,88
209010,Mechs vs. Minions,90,89
332772,Revive,91,90
284083,The Crew: The Quest for Planet Nine,92,91
28143,Race for the Galaxy,93,92
55690,Kingdom Death: Monster,94,93
157354,Five Tribes: The Djinns of Naqala,95,94
230802,Azul,96,95
277659,Final Girl,97,96
201808,Clank!: A Deck-Building Adventure,98,97
159675,Fields of Arle,99,98
93,El Grande,100,99
413246,Bomb Busters,101,100
72125,Eclipse: New Dawn for the Galaxy,102,101
359871,Arcs,103,102
256916,Concordia Venus,104,103
291453,SCOUT,105,104
110327,Lords of Waterdeep,106,105
191189,Aeon's End,107,106
436217,The Lord of the Rings: Fate of the Fellowship,108,107
229853,Teotihuacan: City of Gods,109,108
359609,Arkham Horror: The Card Game (Revised Core Set),110,109
317985,Beyond the Sun,111,110
364073,Splendor Duel,112,111
62219,Dominant Species,113,112
279537,The Search for Planet X,114,113
12,Ra,115,114
68448,7 Wonders,116,115
225694,Decrypto,117,116
25613,Through the Ages: A Story of Civilization,118,117
121921,Robinson Crusoe: Adventures on the Cursed Island,119,118
171623,The Voyages of Marco Polo,120,119
163068,Trickerion: Legends of Illusion,121,120
217372,The Quest for El Dorado,122,121
410201,Wyrmspan,123,122
155821,Inis,124,123
37111,Battlestar Galactica: The Board Game,125,124
391137,Galactic Cruise,126,125
310873,Carnegie,127,126
271055,Dwellings of Eldervale,128,127
310100,Nemesis: Lockdown,129,128
236457,Architects of the West Kingdom,130,129
42,Tigris & Euphrates,131,130
40834,Dominion: Intrigue,132,131
122515,Keyflower,133,132
170042,Raiders of the North Sea,134,133
227935,Wonderland's War,135,134
264220,Tainted Grail: The Fall of Avalon,136,135
146021,Eldritch Horror,137,136
18602,Caylus,138,137
4098,Age of Steam,139,138
73439,Troyes,140,139
203993,Lorenzo il Magnifico,141,140
269385,The Lord of the Rings: Journeys in Middle-Earth,142,141
396790,Nucleum,143,142
172386,Mombasa,144,143
36218,Dominion,145,144
163412,Patchwork,146,145
43015,Hansa Teutonica,147,146
102680,Trajan,148,147
218417,Aeon's End: War Eternal,149,148
12493,Twilight Imperium: Third Edition,150,149
144733,Russian Railroads,151,150
391163,Forest Shuffle,152,151
205896,Rising Sun,153,152
175640,Vinhos: Deluxe Edition,154,153
196340,Yokohama,155,154
254640,Just One,156,155
175155,Forbidden Stars,157,156
325494,ISS Vanguard,158,157
429293,The Lord of the Rings: The Fellowship of the Ring – Trick-Taking Game,159,158
198928,Iberia,160,159
178900,Codenames,161,160
233371,Clank! In! Space!: A Deck-Building Adventure,162,161
180263,The 7th Continent,163,162
189932,Tyrants of the Underdark,164,163
172287,Champions of Midgard,165,164
220877,Rajas of the Ganges,166,165
463,Magic: The Gathering,167,166
258779,Planet Unknown,168,167
304783,Hadrian's Wall,169,168
30549,Pandemic,170,169
132531,Roll for the Galaxy,171,170
235802,Too Many Bones: Undertow,172,171
118048,Targi,173,172
147020,Star Realms,174,173
266524,PARKS,175,174
209418,Dominion: Second Edition,176,175
161970,Alchemists,177,176
14996,Ticket to Ride: Europe,178,177
263918,Cartographers,179,178
268864,Undaunted: Normandy,180,179
249259,War Chest,181,180
262712,Res Arcana,182,181
358661,Andromeda's Edge,183,182
271324,It's a Wonderful World,184,183
77423,The Lord of the Rings: The Card Game,185,184
274364,Watergate,186,185
400602,Civolution,187,186
34635,Stone Age,188,187
328871,Terraforming Mars: Ares Expedition,189,188
148949,Istanbul,190,189
294484,Unmatched: Cobble & Fog,191,190
308765,Praga Caput Regni,192,191
281259,The Isle of Cats,193,192
271896,Star Wars: Outer Rim,194,193
82222,Xia: Legends of a Drift System,195,194
296151,Viscounts of the West Kingdom,196,195
146652,Legendary Encounters: An Alien Deck Building Game,197,196
364011,Great Western Trail: Argentina,198,197
127023,Kemet,199,198
2511,Sherlock Holmes Consulting Detective: The Thames Murders & Other Cases,200,199
54043,Jaipur,201,200
283948,Marco Polo II: In the Service of the Khan,202,201
103885,Star Wars: X-Wing Miniatures Game,203,202
265188,Glen More II: Chronicles,204,203
244522,That's Pretty Clever!,205,204
233398,Endeavor: Age of Sail,206,205
316377,7 Wonders (Second Edition),207,206
329082,Radlands,208,207
350184,Earth,209,208
233867,Welcome To...,210,209
283355,Dune,211,210
339789,Welcome to the Moon,212,211
188920,This War of Mine: The Board Game,213,212
420033,Vantage,214,213
43111,Chaos in the Old World,215,214
314491,Meadow,216,215
332686,John Company: Second Edition,217,216
9609,War of the Ring,218,217
10630,Memoir '44,219,218
374173,Star Wars: The Deckbuilding Game,220,219
118,Modern Art,221,220
227224,The Red Cathedral,222,221
199561,Sagrada,223,222
242302,Space Base,224,223
256680,Return to Dark Tower,225,224
104162,Descent: Journeys in the Dark (Second Edition),226,225
342070,Thunder Road: Vendetta,227,226
39463,Cosmic Encounter,228,227
25021,Sekigahara: The Unification of Japan,229,228
299659,Clash of Cultures: Monumental Edition,230,229
416851,Castle Combo,231,230
155426,Castles of Mad King Ludwig,232,231
356080,The Elder Scrolls: Betrayal of the Second Era,233,232
300531,Paleo,234,233
188,Go,235,234
128882,The Resistance: Avalon,236,235
103343,A Game of Thrones: The Board Game (Second Edition),237,236
31627,Ticket to Ride: Nordic Countries,238,237
822,Carcassonne,239,238
287954,Azul: Summer Pavilion,240,239
282524,Horrified,241,240
17133,Railways of the World,242,241
148228,Splendor,243,242
70149,Ora et Labora,244,243
171131,Captain Sonar,245,244
104006,Village,246,245
123260,Suburbia,247,246
215,Tichu,248,247
269207,The Taverns of Tiefenthal,249,248
14105,Commands & Colors: Ancients,250,249
150376,Dead of Winter: A Crossroads Game,251,250
285967,Ankh: Gods of Egypt,252,251
241451,Aeon's End: Legacy,253,252
293014,Nidavellir,254,253
385761,Faraway,255,254
9209,Ticket to Ride,256,255
165722,KLASK,257,256
7854,YINSH,258,257
367220,Sea Salt & Paper,259,258
182631,Star Realms: Colony Wars,260,259
245638,Coimbra,261,260
91,Paths of Glory,262,261
306735,Under Falling Skies,263,262
188834,Secret Hitler,264,263
260605,Camel Up (Second Edition),265,264
283155,Calico,266,265
295486,My City,267,266
54998,Cyclades,268,267
367150,Dune: War for Arrakis,269,268
400366,Wondrous Creatures,270,269
126042,Nations,271,270
223040,Fantasy Realms,272,271
329839,So Clover!,273,272
224037,Codenames: Duet,274,273
146886,La Granja,275,274
232832,Century: Golem Edition,276,275
195421,Near and Far,277,276
295895,Distilled,278,277
21050,Combat Commander: Europe,279,278
221194,Dinosaur Island,280,279
129437,Legendary: A Marvel Deck Building Game,281,280
158600,Hanamikoji,282,281
3,Samurai,283,282
351913,Tiletum,284,283
232405,Western Legends,285,284
192291,Sushi Go Party!,286,285
176189,Zombicide: Black Plague,287,286
199478,Flamme Rouge,288,287
156129,Deception: Murder in Hong Kong,289,288
318977,MicroMacro: Crime City,290,289
176494,Isle of Skye: From Chieftain to King,291,290
19857,Glory to Rome,292,291
274637,"Unmatched: Battle of Legends, Volume One",293,292
150145,Skull King,294,293
286096,Tapestry,295,294
224783,Vindication,296,295
169426,Roll Player,297,296
311193,Anno 1800: The Board Game,298,297
300322,Hallertau,299,298
284189,Foundations of Rome,300,299
555,The Princes of Florence,301,300
156546,Monikers,302,301
323612,Bitoku,303,302
270633,Aeon's End: The New Age,304,303
375459,Speakeasy,305,304
198994,Hero Realms,306,305
228341,Pulsar 2849,307,306
297562,Kemet: Blood and Sand,308,307
9216,Goa,309,308
194655,Santorini,310,309
421,1830: Railways & Robber Barons,311,310
20551,Shogun,312,311
109276,Kanban: Driver's Edition,313,312
329500,Unconscious Mind,314,313
31481,Galaxy Trucker,315,314
277085,Love Letter,316,315
128621,Viticulture,317,316
400314,Apiary,318,317
230253,Star Realms: Frontiers,319,318
19777,Indonesia,320,319
244271,Dice Throne: Season Two – Battle Chest,321,320
356123,Turing Machine,322,321
284653,Mind MGMT: The Psychic Espionage “Game.”,323,322
349067,The Lord of the Rings: The Card Game – Revised Core Set,324,323
331106,The Witcher: Old World,325,324
127060,Bora Bora,326,325
370591,Dorfromantik: The Board Game,327,326
291572,Oath,328,327
204583,Kingdomino,329,328
760,Battle Line,330,329
140620,Lewis & Clark: The Expedition,331,330
27708,1960: The Making of the President,332,331
2655,Hive,333,332
298047,Marvel United,334,333
206718,Ethnos,335,334
223321,Detective: A Modern Crime Board Game,336,335
318184,Imperium: Classics,337,336
246784,Cryptid,338,337
305096,Endless Winter: Paleoamericans,339,338
144344,Rococo,340,339
27833,Steam,341,340
239188,Chronicles of Crime,342,341
262211,Cloudspire,343,342
50,Lost Cities,344,343
350316,Wayfarers of the South Tigris,345,344
139976,Cthulhu Wars,346,345
342810,Marrakesh,347,346
46213,Telestrations,348,347
108745,Seasons,349,348
92828,Dixit: Odyssey,350,349
146508,T.I.M.E Stories,351,350
385529,The Vale of Eternity,352,351
257499,Arkham Horror (Third Edition),353,352
332800,Summoner Wars (Second Edition),354,353
172,For Sale,355,354
160477,Onitama,356,355
111341,The Great Zimbabwe,357,356
302723,Forgotten Waters,358,357
350933,The Guild of Merchant Explorers,359,358
5,Acquire,360,359
295374,Long Shot: The Dice Game,361,360
155068,Arcadia Quest,362,361
333255,Keep the Heroes Out!,363,362
276182,Dead Reckoning,364,363
66589,Navegador,365,364
129622,Love Letter,366,365
176734,The Manhattan Project: Energy Empire,367,366
24181,Imperial,368,367
308119,Pax Renaissance: 2nd Edition,369,368
319966,The King Is Dead: Second Edition,370,369
345972,Cat in the Box: Deluxe Edition,371,370
97207,Dungeon Petz,372,371
311988,Frostpunk: The Board Game,373,372
260180,Project L,374,373
2653,Survive: Escape from Atlantis!,375,374
47,Chinatown,376,375
38453,Space Alert,377,376
54,Tikal,378,377
63888,Innovation,379,378
234277,Nusfjord,380,379
184921,Bunny Kingdom,381,380
22545,Age of Empires III: The Age of Discovery,382,381
209685,Century: Spice Road,383,382
379078,Expeditions,384,383
136888,Bruges,385,384
227789,Heaven & Ale,386,385
143693,Glass Road,387,386
155873,Power Grid Deluxe: Europe/North America,388,387
163967,Tiny Epic Galaxies,389,388
202426,Sidereal Confluence,390,389
245655,The King's Dilemma,391,390
446497,Hot Streak,392,391
411567,The Gang,393,392
354934,Legacy of Yu,394,393
154203,Imperial Settlers,395,394
188866,Awkward Guests: The Walton Case,396,395
336986,Flamecraft,397,396
54138,Imperial 2030,398,397
301880,Raiders of Scythia,399,398
181279,Fury of Dracula (Third/Fourth Edition),400,399
187617,Nemo's War (Second Edition),401,400
336382,Marvel United: X-Men,402,401
93260,Summoner Wars: Master Set,403,402
40692,Small World,404,403
285192,Destinies,405,404
48726,Alien Frontiers,406,405
318084,Furnace,407,406
59294,Runewars,408,407
203420,EXIT: The Game – The Abandoned Cabin,409,408
219650,Arydia: The Paths We Dare Tread,410,409
21241,Neuroshima Hex,411,410
304420,Bonfire,412,411
25292,Merchants & Marauders,413,412
271601,Feed the Kraken,414,413
246192,Gizmos,415,414
172081,Burgle Bros.,416,415
247367,"Air, Land, & Sea",417,416
345584,Mindbug: First Contact,418,417
219513,Bärenpark,419,418
172818,Above and Below,420,419
274638,Unmatched: Robin Hood vs. Bigfoot,421,420
193037,Dead of Winter: The Long Night,422,421
39856,Dixit,423,422
384213,Fromage,424,423
77130,Sid Meier's Civilization: The Board Game,425,424
176920,Mission: Red Planet (Second/Third Edition),426,425
128271,Ginkgopolis,427,426
297030,Tekhenu: Obelisk of the Sun,428,427
368173,Let's Go! To Japan,429,428
372,Schotten Totten,430,429
40354,Maria,431,430
140934,Arboretum,432,431
45315,Dungeon Lords,433,432
59959,Letters from Whitechapel,434,433
13122,Antiquity,435,434
155987,Abyss,436,435
351040,Ready Set Bet,437,436
70919,Takenoko,438,437
397385,Pirates of Maracaibo,439,438
8217,San Juan,440,439
199042,Harry Potter: Hogwarts Battle,441,440
246684,Smartphone Inc.,442,441
245934,Carpe Diem,443,442
181304,Mysterium,444,443
319910,Pagan: Fate of Roanoke,445,444
90137,Blood Bowl: Team Manager – The Card Game,446,445
146439,BattleLore: Second Edition,447,446
334986,Daybreak,448,447
195539,The Godfather: Corleone's Empire,449,448
357563,Akropolis,450,449
119890,Agricola: All Creatures Big and Small,451,450
434654,Toy Battle,452,451
37046,Ghost Stories,453,452
315767,Cartographers Heroes,454,453
41114,The Resistance,455,454
303057,Pan Am,456,455
318182,Imperium: Legends,457,456
334590,For Northwood! A Solo Trick-Taking Game,458,457
171,Chess,459,458
269210,Twice as Clever!,460,459
24480,The Pillars of the Earth,461,460
25554,Notre Dame,462,461
244711,Newton,463,462
417197,Rebirth,464,463
552,Bus,465,464
163745,Star Wars: Armada,466,465
260428,Fall of Rome,467,466
408180,Shackleton Base: A Journey to the Moon,468,467
284742,Honey Buzz,469,468
436126,Finspan,470,469
290484,Unsettled,471,470
177478,IKI,472,471
234487,Altiplano,473,472
206480,Imperial Struggle,474,473
39683,At the Gates of Loyang,475,474
15987,Arkham Horror,476,475
192458,51st State: Master Set,477,476
385610,Kutná Hora: The City of Silver,478,477
9217,Saint Petersburg,479,478
250458,Gùgōng,480,479
365258,World Wonders,481,480
386368,Ezra and Nehemiah,482,481
322708,Descent: Legends of the Dark,483,482
234,Hannibal: Rome vs. Carthage,484,483
222509,Lords of Hellas,485,484
335764,"Unmatched: Battle of Legends, Volume Two",486,485
343905,Boonlake,487,486
92415,Skull,488,487
70323,King of Tokyo,489,488
194594,Dice Forge,490,489
367498,Horizons of Spirit Island,491,490
236191,London (Second Edition),492,491
342900,Earthborne Rangers,493,492
101721,Mage Wars Arena,494,493
352515,Trio,495,494
318243,Hitster,496,495
258210,Blitzkrieg!: World War Two in 20 Minutes,497,496
286751,Zombicide: 2nd Edition,498,497
368305,Life of the Amazonia,499,498
198773,Codenames: Pictures,500,499
316412,The LOOP,501,500
367041,Scholars of the South Tigris,502,501
381297,Unmatched Adventures: Tales to Amaze,503,502
315610,Massive Darkness 2: Hellscape,504,503
128671,Spartacus: A Game of Blood and Treachery,505,504
298069,Cubitos,506,505
31594,In the Year of the Dragon,507,506
215311,Downforce,508,507
379629,Knarr,509,508
256226,Azul: Stained Glass of Sintra,510,509
21348,Ticket to Ride: Märklin,511,510
328565,Caper: Europe,512,511
33160,Endeavor,513,512
34219,Biblios,514,513
356033,Libertalia: Winds of Galecrest,515,514
292375,The Great Wall,516,515
293141,King of Tokyo: Dark Edition,517,516
1,Die Macher,518,517
166669,San Juan (Second Edition),519,518
265736,Tiny Towns,520,519
138161,Firefly: The Game,521,520
420087,Flip 7,522,521
151347,Millennium Blades,523,522
144592,Bruxelles 1893,524,523
150,PitchCar,525,524
262543,Wavelength,526,525
71,Civilization,527,526
325635,Unmatched: Little Red Riding Hood vs. Beowulf,528,527
355093,Woodcraft,529,528
182134,Evolution: Climate,530,529
156858,Black Orchestra,531,530
220,High Society,532,531
66188,Fresco,533,532
338834,MicroMacro: Crime City – Full House,534,533
229220,Santa Maria,535,534
100901,Flash Point: Fire Rescue,536,535
503,Through the Desert,537,536
17392,Here I Stand,538,537
186751,Mythic Battles: Pantheon,539,538
170771,Sword & Sorcery: Immortal Souls,540,539
251658,Sprawlopolis,541,540
27162,Kingsburg,542,541
353288,Trekking Through History,543,542
11,Bohnanza,544,543
54625,Space Hulk (Third Edition),545,544
18833,The Lord of the Rings: The Confrontation,546,545
204305,Sherlock Holmes Consulting Detective: Jack the Ripper & West End Adventures,547,546
154809,Nippon,548,547
454103,Magical Athlete,549,548
62222,Commands & Colors: Napoleonics,550,549
55670,Macao,551,550
12942,No Thanks!,552,551
192153,Reign of Cthulhu,553,552
161614,Stockpile,554,553
144189,Fire in the Lake,555,554
158899,Colt Express,556,555
124708,Mice and Mystics,557,556
40765,Clash of Cultures,558,557
216600,Fantastic Factories,559,558
264241,Mandala,560,559
359438,Skymines,561,560
205398,Citadels,562,561
63628,The Manhattan Project,563,562
383607,Barcelona,564,563
290359,Undaunted: North Africa,565,564
295564,Unmatched Game System,566,565
36932,Claustrophobia,567,566
175095,Dawn of the Zeds (Third Edition),568,567
96913,Lancaster,569,568
11170,Heroscape Master Set: Rise of the Valkyrie,570,569
269144,Hadara,571,570
121,Dune,572,571
256952,Zombie Kidz Evolution,573,572
307002,Regicide,574,573
243,Advanced Squad Leader,575,574
215341,Thunderstone Quest,576,575
283393,Aquatica,577,576
66362,Glen More,578,577
404431,Men-Nefer,579,578
239942,Black Rose Wars,580,579
176396,Quadropolis,581,580
353545,Next Station: London,582,581
79828,A Few Acres of Snow,583,582
478,Citadels,584,583
293296,Splendor: Marvel,585,584
43570,Friday,586,585
194607,Mystic Vale,587,586
242705,Aeon Trespass: Odyssey,588,587
169427,Middara: Unintentional Malum – Act 1,589,588
256730,Pipeline,590,589
15062,Shadows over Camelot,591,590
290236,Canvas,592,591
180974,Potion Explosion,593,592
20437,Lords of Vegas,594,593
98778,Hanabi,595,594
422732,Agent Avenue,596,595
270844,Imperial Settlers: Empires of the North,597,596
274960,Point Salad,598,597
5404,Amun-Re,599,598
226522,EXIT: The Game – Dead Man on the Orient Express,600,599
136063,Forbidden Desert,601,600
233312,Stuffed Fables,602,601
137408,Amerigo,603,602
162082,Deus,604,603
340466,Unfathomable,605,604
25417,BattleLore,606,605
193042,Junk Art,607,606
21790,Thurn and Taxis,608,607
157969,Sheriff of Nottingham,609,608
6249,Alhambra,610,609
150658,Pandemic: The Cure,611,610
240196,Betrayal Legacy,612,611
83330,Mansions of Madness,613,612
266830,QE,614,613
13,Catan,615,614
348450,Lacrimosa,616,615
381248,Nemesis: Retaliation,617,616
191862,Imhotep,618,617
17226,Descent: Journeys in the Dark,619,618
117959,Las Vegas,620,619
336794,Galaxy Trucker (Second Edition),621,620
105134,Risk Legacy,622,621
318009,Dinosaur Island: Rawr 'n Write,623,622
232414,Oceans,624,623
712,Blood Bowl (Third Edition),625,624
156009,Port Royal,626,625
284435,Nova Luna,627,626
245654,Railroad Ink: Deep Blue Edition,628,627
371433,Terrorscape,629,628
142379,Escape Plan,630,629
197376,Charterstone,631,630
9674,Ingenious,632,631
84419,Space Empires 4X,633,632
387866,Star Wars: Unlimited,634,633
144797,Argent: The Consortium,635,634
177639,Raptor,636,635
218074,Detective: City of Angels,637,636
406652,Compile,638,637
153938,Camel Up,639,638
97786,Small World Underground,640,639
28023,Jamaica,641,640
252328,Star Wars: X-Wing (Second Edition),642,641
196326,Love Letter: Premium Edition,643,642
62227,"Labyrinth: The War on Terror, 2001 – ?",644,643
31730,Wabash Cannonball,645,644
31999,TZAAR,646,645
371330,Luthier,647,646
91312,Discworld: Ankh-Morpork,648,647
280794,Etherfields,649,648
18,RoboRally,650,649
128996,1775: Rebellion,651,650
146791,Shadows of Brimstone: City of the Ancients,652,651
245961,Fleet: The Dice Game,653,652
133473,Sushi Go!,654,653
181530,Runebound (Third Edition),655,654
262215,Blackout: Hong Kong,656,655
415776,Kingdom Legacy: Feudal Kingdom,657,656
170624,Crusaders: Thy Will Be Done,658,657
17405,1846: The Race for the Midwest,659,658
296237,Warp's Edge,660,659
171668,The Grizzled,661,660
125618,Libertalia,662,661
170561,Valeria: Card Kingdoms,663,662
183251,Karuba,664,663
424219,Zenith,665,664
119506,Freedom: The Underground Railroad,666,665
341945,La Granja: Deluxe Master Set,667,666
97842,Last Will,668,667
172308,Broom Service,669,668
346965,Azul: Queen's Garden,670,669
307305,Bullet♥︎,671,670
90419,Airlines Europe,672,671
163968,Elysium,673,672
127398,Legends of Andor,674,673
264055,Draftosaurus,675,674
432,Take 5,676,675
284777,Unmatched: Jurassic Park – InGen vs Raptors,677,676
147949,One Night Ultimate Werewolf,678,677
206941,First Class: All Aboard the Orient Express!,679,678
15985,Blood Bowl: Living Rulebook,680,679
248490,Atlantis Rising (Second Edition),681,680
2346,DVONN,682,681
221965,The Fox in the Forest,683,682
425549,Moon Colony Bloodbath,684,683
27173,Vikings,685,684
102652,Sentinels of the Multiverse,686,685
133848,Euphoria: Build a Better Dystopia,687,686
362944,War of the Ring: The Card Game,688,687
4390,Carcassonne: Hunters and Gatherers,689,688
256999,Project: ELITE,690,689
328866,My Father's Work,691,690
65781,London,692,691
475,Taj Mahal,693,692
22827,StarCraft: The Board Game,694,693
213460,Unlock!: Escape Adventures,695,694
15363,Nexus Ops,696,695
304051,Creature Comforts,697,696
265402,In the Hall of the Mountain King,698,697
34119,Tales of the Arabian Nights,699,698
105551,Archipelago,700,699
95527,Madeira,701,700
346501,Mille Fiori,702,701
151022,Baseball Highlights: 2045,703,702
699,HeroQuest,704,703
281655,High Frontier 4 All,705,704
232043,Queendomino,706,705
27746,Colosseum,707,706
237179,Weather Machine,708,707
216734,Dice Throne: Season One,709,708
347703,First Rat,710,709
133038,Pathfinder Adventure Card Game: Rise of the Runelords – Base Set,711,710
345868,Federation,712,711
36553,Time's Up! Title Recall!,713,712
42215,Tobago,714,713
193949,Star Trek: Ascendancy,715,714
130960,Triumph & Tragedy: European Balance of Power 1936-1945,716,715
131357,Coup,717,716
46,Medici,718,717
354570,Undaunted: Stalingrad,719,718
266121,Unlock!: Heroic Adventures,720,719
42052,Vinhos,721,720
380619,Cyclades: Legendary Edition,722,721
244115,Shards of Infinity,723,722
337765,Brian Boru: High King of Ireland,724,723
269511,Cooper Island,725,724
159508,AquaSphere,726,725
369880,Beer & Bread,727,726
128780,Pax Porfiriana,728,727
363247,Azul: Master Chocolatier,729,728
5782,Coloretto,730,729
111799,Cuba Libre,731,730
58421,Egizia,732,731
355483,Wandering Towers,733,732
291845,Three Sisters,734,733
23540,Shikoku 1889,735,734
875,Roads & Boats,736,735
298383,Golem,737,736
190082,Whitehall Mystery,738,737
329551,Mosaic: A Story of Civilization,739,738
192836,The Colonists,740,739
286063,The 7th Citadel,741,740
370913,Star Wars: The Clone Wars,742,741
141572,Paperback,743,742
39351,Automobile,744,743
9625,Struggle of Empires,745,744
153016,Telestrations: 12 Player Party Pack,746,745
244114,Yellow & Yangtze,747,746
270673,Silver & Gold,748,747
298231,Skyrise,749,748
224710,Zombicide: Green Horde,750,749
2398,Cribbage,751,750
140603,Francis Drake,752,751
403441,Windmill Valley,753,752
135779,A Fake Artist Goes to New York,754,753
123123,BattleCON: Devastation of Indines,755,754
30869,Thebes,756,755
113924,Zombicide,757,756
328479,Living Forest,758,757
273330,Bloodborne: The Board Game,759,758
6472,A Game of Thrones,760,759
334065,Verdant,761,760
399941,River of Gold,762,761
13004,The Downfall of Pompeii,763,762
39938,Carson City,764,763
41,Can't Stop,765,764
262941,Dominant Species: Marine,766,765
143519,Quantum,767,766
37904,Formula D,768,767
306040,Merv: The Heart of the Silk Road,769,768
10547,Betrayal at House on the Hill,770,769
160010,Conan,771,770
347305,Inventions: Evolution of Ideas,772,771
135219,The Battle of Five Armies,773,772
258036,Between Two Castles of Mad King Ludwig,774,773
155703,Evolution,775,774
440540,Take Time,776,775
42776,Gears of War: The Board Game,777,776
368061,Zoo Vadis,778,777
107529,Kingdom Builder,779,778
171499,Cacao,780,779
326494,The Adventures of Robin Hood,781,780
1353,Time's Up!,782,781
180593,The Bloody Inn,783,782
24508,Taluva,784,783
3685,Hammer of the Scots,785,784
233247,Civilization: A New Dawn,786,785
174785,Mare Nostrum: Empires,787,786
209778,Magic Maze,788,787
100423,Elder Sign,789,788
300905,Top Ten,790,789
361545,Twilight Inscription,791,790
204472,Sub Terra,792,791
306881,Railroad Ink Challenge: Lush Green Edition,793,792
169255,A Game of Thrones: The Card Game (Second Edition),794,793
270239,Moonrakers,795,794
300300,Chronicles of Crime: 1400,796,795
283864,Trails of Tucana,797,796
3201,Lord of the Rings: The Confrontation,798,797
316624,Stationfall,799,798
205359,Star Wars: Destiny,800,799
21763,Mr. Jack,801,800
163839,Feudum,802,801
218603,Photosynthesis,803,802
266164,Babylonia,804,803
202670,Ticket to Ride: Rails & Sails,805,804
163166,One Night Ultimate Werewolf: Daybreak,806,805
338957,Caesar!: Seize Rome in 20 Minutes!,807,806
212445,Blood Bowl (2016 Edition),808,807
214880,Chicago 1875: City of the Big Shoulders,809,808
346703,7 Wonders: Architects,810,809
444481,Star Wars: Battle of Hoth,811,810
121408,Trains,812,811
296912,Fort,813,812
69789,Ascension: Deckbuilding Game,814,813
132018,Churchill,815,814
279613,Unlock!: Timeless Adventures,816,815
29603,D-Day at Omaha Beach,817,816
193558,The Oracle of Delphi,818,817
283863,The Magnificent,819,818
2955,Mexica,820,819
113294,Escape: The Curse of the Temple,821,820
254708,Roll Player Adventures,822,821
1513,The Republic of Rome,823,822
249381,The Estates,824,823
242639,Treasure Island,825,824
284760,Disney Villainous: Evil Comes Prepared,826,825
220517,The Shipwreck Arcana,827,826
148729,Maquis,828,827
88,Torres,829,828
231581,AuZtralia,830,829
301255,Whistle Mountain,831,830
180511,Shakespeare,832,831
183840,Oh My Goods!,833,832
198953,Pax Renaissance,834,833
318560,Witchstone,835,834
123540,Tokaido,836,835
331787,Tiny Epic Dungeons,837,836
71721,Space Hulk: Death Angel – The Card Game,838,837
241590,Smart10,839,838
167400,Ashes Reborn: Rise of the Phoenixborn,840,839
30380,Cuba,841,840
58281,Summoner Wars,842,841
267609,Guards of Atlantis II,843,842
119432,Snowdonia,844,843
363307,Evergreen,845,844
7717,Carcassonne: The Castle,846,845
156336,Onirim (Second Edition),847,846
50750,Belfort,848,847
434906,Tag Team,849,848
358320,Sleeping Gods: Distant Skies,850,849
1465,Wizard,851,850
154825,Arkwright,852,851
244608,Menara,853,852
168584,Love Letter: Batman,854,853
20100,Wits & Wagers,855,854
257501,KeyForge: Call of the Archons,856,855
394106,Everdell Farshore,857,856
280480,Crystal Palace,858,857
213893,Yamataï,859,858
357873,The Old King's Crown,860,859
183562,Star Wars: X-Wing Miniatures Game – The Force Awakens Core Set,861,860
299169,Spicy,862,861
422541,Star Trek: Captain's Chair,863,862
45,Perudo,864,863
70512,Luna,865,864
238799,Messina 1347,866,865
126792,Myrmes,867,866
203416,EXIT: The Game – The Pharaoh's Tomb,868,867
146278,Tash-Kalar: Arena of Legends,869,868
270970,Century: A New World,870,869
367518,Imperium: Horizons,871,870
483,Diplomacy,872,871
143741,BANG! The Dice Game,873,872
165401,Wir sind das Volk!,874,873
281442,Trismegistus: The Ultimate Formula,875,874
299684,Khôra: Rise of an Empire,876,875
256788,Detective Club,877,876
351817,Marvel Zombies: A Zombicide Game,878,877
316546,Clever Cubed,879,878
232219,Dragon Castle,880,879
121288,Dixit: Journey,881,880
20963,Fury of Dracula (Second Edition),882,881
158435,Dogs of War,883,882
223770,Startups,884,883
358737,Leviathan Wilds,885,884
255692,New Frontiers,886,885
373600,Cthulhu: Death May Die – Fear of the Unknown,887,886
134726,Smash Up: Awesome Level 9000,888,887
143515,Coal Baron,889,888
15512,Diamant,890,889
2453,Blokus,891,890
11825,Empire of the Sun: The Pacific War 1941-1945,892,891
40628,Finca,893,892
303731,Primal: The Awakening,894,893
73761,K2,895,894
168435,Between Two Cities,896,895
242574,Century: Eastern Wonders,897,896
72321,The Networks: Primetime,898,897
372559,Spots,899,898
382843,Evacuation,900,899
424981,Eternal Decks,901,900
264052,Circadians: First Light,902,901
226320,My Little Scythe,903,902
244331,Blue Lagoon,904,903
314503,Codex Naturalis,905,904
241724,Villagers,906,905
21882,Blue Moon City,907,906
393672,Gloomhaven: Buttons & Bugs,908,907
162007,Steampunk Rally,909,908
253499,A War of Whispers,910,909
16747,Tumblin' Dice,911,910
218333,Rhino Hero: Super Battle,912,911
65532,Defenders of the Realm,913,912
51,Ricochet Robots,914,913
244228,Reef,915,914
87890,Prêt-à-Porter,916,915
342444,Black Rose Wars: Rebirth,917,916
276498,Paris: La Cité de la Lumière,918,917
155624,Specter Ops,919,918
173064,Leaving Earth,920,919
393325,Captain Flip,921,920
181521,Warhammer Quest: The Adventure Card Game,922,921
407297,River Valley Glassworks,923,922
352418,Fliptown,924,923
8125,Santiago,925,924
387780,Rats of Wistar,926,925
300877,New York Zoo,927,926
15364,Vegas Showdown,928,927
313889,Hoplomachus: Victorum,929,928
169654,Deep Sea Adventure,930,929
150997,Shadows of Brimstone: Swamps of Death,931,930
214029,SpaceCorp: 2025-2300AD,932,931
22345,Yspahan,933,932
160495,ZhanGuo,934,933
9823,Advanced Squad Leader: Starter Kit #1,935,934
73171,Earth Reborn,936,935
68425,Eminent Domain,937,936
214887,CO₂: Second Chance,938,937
441696,Sanctuary,939,938
447243,Duel for Cardia,940,939
181687,The Pursuit of Happiness,941,940
198740,Lovecraft Letter,942,941
220520,Caverna: Cave vs Cave,943,942
204516,878 Vikings: Invasions of England,944,943
332290,Stardew Valley: The Board Game,945,944
251678,Railroad Ink: Blazing Red Edition,946,945
256382,Disney Villainous: The Worst Takes it All,947,946
200147,Kanagawa,948,947
31563,Middle-Earth Quest,949,948
47185,Warhammer: Invasion,950,949
116998,Thunderstone Advance: Towers of Ruin,951,950
198830,"Heroes of Land, Air & Sea",952,951
218121,Dice Hospital,953,952
256570,Crown of Emara,954,953
393429,Critter Kitchen,955,954
359970,Challengers!,956,955
338760,Imperial Steam,957,956
385331,Creature Caravan,958,957
294612,Unlock!: Epic Adventures,959,958
3307,Wallenstein,960,959
201825,Ex Libris,961,960
239472,Abomination: The Heir of Frankenstein,962,961
249277,Brazil: Imperial,963,962
254386,Raccoon Tycoon,964,963
285984,Last Bastion,965,964
231218,Black Sonata,966,965
161417,Red7,967,966
156943,Saint Petersburg (Second Edition),968,967
271319,Las Vegas Royale,969,968
194879,Not Alone,970,969
179172,Unfair,971,970
203417,EXIT: The Game – The Secret Lab,972,971
55600,Shipyard,973,972
234477,Battle for Rokugan,974,973
277700,Merchants Cove,975,974
171273,FUSE,976,975
43528,World Without End,977,976
175117,Celestia,978,977
272739,Clinic: Deluxe Edition,979,978
162286,Super Motherload,980,979
2163,Space Hulk,981,980
281549,Beast,982,981
402676,Cities,983,982
377470,Sail,984,983
354544,Unmatched: Houdini vs. The Genie,985,984
387378,MLEM: Space Agency,986,985
329845,Stella: Dixit Universe,987,986
131260,Qwixx,988,987
217780,Gentes,989,988
170416,Vast: The Crystal Caverns,990,989
173442,Empires: Age of Discovery,991,990
131287,Panamax,992,991
275467,Letter Jam,993,992
297129,Jekyll vs. Hyde,994,993
270314,Ohanami,995,994
56692,Parade,996,995
160499,King of New York,997,996
30645,Tammany Hall,998,997
227460,Hannibal & Hamilcar,999,998
267319,Roam,1000,999
219215,Werewords,1001,1000
196526,Coffee Roaster,1002,1001
192457,Cry Havoc,1003,1002
218479,Cerebria: The Inside World,1004,1003
122298,Morels,1005,1004
176165,Dale of Merchants,1006,1005
179275,One Deck Dungeon,1007,1006
2093,Mahjong,1008,1007
12002,Jambo,1009,1008
1035,Squad Leader,1010,1009
317457,Dinosaur World,1011,1010
197443,Fugitive,1012,1011
284818,Caylus 1303,1013,1012
230244,Black Angel,1014,1013
216459,The Lost Expedition,1015,1014
91872,Dungeons & Dragons: The Legend of Drizzt Board Game,1016,1015
393333,Galileo Galilei,1017,1016
156566,Lords of Xidit,1018,1017
65244,Forbidden Island,1019,1018
245643,Luxor,1020,1019
137988,Zombicide Season 2: Prison Outbreak,1021,1020
191051,Outlive,1022,1021
228867,Unlock!: Mystery Adventures,1023,1022
36235,The Duke,1024,1023
234671,Pandemic: Rising Tide,1025,1024
239307,Unlock!: Secret Adventures,1026,1025
422674,Saltfjord,1027,1026
252153,Tang Garden,1028,1027
110277,Among the Stars,1029,1028
395375,Art Society,1030,1029
528,ZÈRTZ,1031,1030
163602,XCOM: The Board Game,1032,1031
228328,Rurik: Dawn of Kiev,1033,1032
586,Up Front,1034,1033
268201,Dice Throne,1035,1034
91514,Rhino Hero,1036,1035
295293,The Thing: The Boardgame,1037,1036
12891,Friedrich: Anniversary Edition,1038,1037
26990,Container,1039,1038
26997,1989: Dawn of Freedom,1040,1039
420805,Black Forest,1041,1040
137269,Spyrium,1042,1041
103886,Star Wars: The Card Game,1043,1042
296108,Terraforming Mars: The Dice Game,1044,1043
30957,Tribune: Primus Inter Pares,1045,1044
41002,Vasco da Gama,1046,1045
145659,Scoville,1047,1046
179803,Arcadia Quest: Inferno,1048,1047
904,Nightmare Productions,1049,1048
281474,Lands of Galzyr,1050,1049
295262,Sniper Elite: The Board Game,1051,1050
324090,Scarface 1920,1052,1051
112,Condottiere,1053,1052
12962,Reef Encounter,1054,1053
239464,Palm Island,1055,1054
248065,Zombicide: Invader,1056,1055
368058,The Wolves,1057,1056
210296,DinoGenics,1058,1057
352574,Fit to Print,1059,1058
396989,Evenfall,1060,1059
329465,Red Rising,1061,1060
374595,Kelp: Shark vs Octopus,1062,1061
343562,Horrified: American Monsters,1063,1062
155362,Ca$h 'n Guns: Second Edition,1064,1063
235488,Istanbul: The Dice Game,1065,1064
37380,Roll Through the Ages: The Bronze Age,1066,1065
300217,Merchants of the Dark Road,1067,1066
119788,Hyperborea,1068,1067
334011,A Gentle Rain,1069,1068
25669,Qwirkle,1070,1069
291508,Tiny Epic Dinosaurs,1071,1070
53953,Thunderstone,1072,1071
38996,Washington's War,1073,1072
12902,Carcassonne: The City,1074,1073
28181,Combat Commander: Pacific,1075,1074
29368,Last Night on Earth: The Zombie Game,1076,1075
177590,"13 Days: The Cuban Missile Crisis, 1962",1077,1076
79127,Star Trek: Fleet Captains,1078,1077
173,Formula Dé,1079,1078
197405,Tak,1080,1079
296345,Sherlock Holmes Consulting Detective: The Baker Street Irregulars,1081,1080
272738,Jaws,1082,1081
11971,Cockroach Poker,1083,1082
422780,Mistborn: The Deckbuilding Game,1084,1083
402283,Courtisans,1085,1084
172931,Outfoxed!,1086,1085
154458,Akrotiri,1087,1086
1041,San Marco,1088,1087
117915,Yedo,1089,1088
360265,Sabika,1090,1089
252526,Pictomania (Second Edition),1091,1090
326945,Castles of Mad King Ludwig: Collector's Edition,1092,1091
98229,Pictomania,1093,1092
271529,Botanik,1094,1093
325022,Coffee Traders,1095,1094
329873,Grove: 9 card solitaire game,1096,1095
420498,Unstoppable,1097,1096
166384,Spyfall,1098,1097
94,Union Pacific,1099,1098
148319,Tragedy Looper,1100,1099
327778,ito,1101,1100
281466,Yedo: Deluxe Master Set,1102,1101
303553,Skulls of Sedlec,1103,1102
125678,DC Deck-Building Game,1104,1103
160851,Lanterns: The Harvest Festival,1105,1104
238992,Call to Adventure,1106,1105
318553,Rajas of the Ganges: The Dice Charmers,1107,1106
129948,The Palaces of Carrara,1108,1107
244992,The Mind,1109,1108
199966,Kingsburg (Second Edition),1110,1109
300753,Cross Clues,1111,1110
195137,Catacombs (Third Edition),1112,1111
293207,Eila and Something Shiny,1113,1112
59946,Dungeons & Dragons: Castle Ravenloft Board Game,1114,1113
362452,Atiwa,1115,1114
1345,Genoa,1116,1115
148575,Marvel Dice Masters: Avengers vs. X-Men,1117,1116
318983,Faiyum,1118,1117
113997,Tajemnicze Domostwo,1119,1118
202408,Adrenaline,1120,1119
27588,Zooloretto,1121,1120
305682,Rolling Realms,1122,1121
233262,Tidal Blades: Heroes of the Reef,1123,1122
207830,5-Minute Dungeon,1124,1123
298065,Santa Monica,1125,1124
147151,Concept,1126,1125
309630,Small World of Warcraft,1127,1126
242804,Lowlands,1128,1127
193214,Meeple Circus,1129,1128
340041,Kingdomino Origins,1130,1129
223953,Kitchen Rush,1131,1130
245487,Orchard: 9 card solitaire game,1132,1131
393165,Inferno,1133,1132
24800,Conflict of Heroes: Awakening the Bear! – Russia 1941-42,1134,1133
2181,Bridge,1135,1134
381249,Rebel Princess,1136,1135
35570,Tinners' Trail,1137,1136
177678,Signorie,1138,1137
313010,Cosmic Encounter: 42nd Anniversary Edition,1139,1138
375651,That's Not a Hat,1140,1139
284108,Pictures,1141,1140
9440,Maharaja: The Game of Palace Building in India,1142,1141
270971,Era: Medieval Age,1143,1142
8051,Attika,1144,1143
368017,Point City,1145,1144
18098,Napoleon's Triumph,1146,1145
38054,Snow Tails,1147,1146
402679,Rock Hard: 1977,1148,1147
425428,Survive The Island,1149,1148
203427,Fabled Fruit,1150,1149
391795,Kinfire Delve: Vainglory's Grotto,1151,1150
108906,Thunder Alley,1152,1151
368432,The Fox Experiment,1153,1152
191977,The Castles of Burgundy: The Card Game,1154,1153
8203,"Hey, That's My Fish!",1155,1154
266722,Rumble Nation,1156,1155
66356,Dungeons & Dragons: Wrath of Ashardalon Board Game,1157,1156
201921,Tiny Epic Quest,1158,1157
276894,Ticket to Ride: London,1159,1158
335212,Sentinels of the Multiverse: Definitive Edition,1160,1159
154086,Gold West,1161,1160
491,Web of Power,1162,1161
41066,Virgin Queen,1163,1162
26566,Homesteaders,1164,1163
172047,The Others,1165,1164
13642,Louis XIV,1166,1165
681,Quarto,1167,1166
212402,The Grimm Forest,1168,1167
245476,CuBirds,1169,1168
295607,Canopy,1170,1169
158889,Summoner Wars: Alliances Master Set,1171,1170
66056,Rivals for Catan,1172,1171
195560,Wasteland Express Delivery Service,1173,1172
352697,Resist!,1174,1173
15817,Manila,1175,1174
241266,Little Town,1176,1175
229892,Container: 10th Anniversary Jumbo Edition!,1177,1176
227515,Riverboat,1178,1177
228504,Cat Lady,1179,1178
139898,Brew Crafters,1180,1179
279254,Ecos: First Continent,1181,1180
153065,Linko,1182,1181
240,Britannia,1183,1182
342848,World of Warcraft: Wrath of the Lich King,1184,1183
151004,Smash Up: Science Fiction Double Feature,1185,1184
360692,Septima,1186,1185
106217,Hawaii,1187,1186
98351,Core Worlds,1188,1187
383499,Witchcraft!,1189,1188
177524,ICECOOL,1190,1189
195314,Herbaceous,1191,1190
40793,Dice Town,1192,1191
169124,Flick 'em Up!,1193,1192
52461,Legacy: The Testament of Duke de Crecy,1194,1193
191300,Archaeology: The New Expedition,1195,1194
1382,Winner's Circle,1196,1195
108784,Ascension: Storm of Souls,1197,1196
242722,Here I Stand: 500th Anniversary Edition,1198,1197
287084,Oriflamme,1199,1198
284121,Uprising: Curse of the Last Emperor,1200,1199
27976,Heroscape Master Set: Swarm of the Marro,1201,1200
206915,Tempel des Schreckens,1202,1201
362986,Tribes of the Wind,1203,1202
134352,Two Rooms and a Boom,1204,1203
156689,Legendary: A Marvel Deck Building Game – Villains,1205,1204
386405,Come Sail Away!,1206,1205
178336,World's Fair 1893,1207,1206
244654,Wildlands,1208,1207
37628,Haggis,1209,1208
65901,Age of Industry,1210,1209
293889,Fallout Shelter: The Board Game,1211,1210
228855,Set a Watch,1212,1211
132028,Conflict of Heroes: Awakening the Bear! – Operation Barbarossa 1941 (Second Edition),1213,1212
217861,Paper Tales,1214,1213
204027,Cottage Garden,1215,1214
161882,Irish Gauge,1216,1215
347137,Chronicles of Avel,1217,1216
300327,The Castles of Tuscany,1218,1217
387514,Stonespine Architects,1219,1218
82421,Summoner Wars: Phoenix Elves vs Tundra Orcs,1220,1219
350636,Unlock!: Game Adventures,1221,1220
66505,The Speicherstadt,1222,1221
205597,Jump Drive,1223,1222
72287,Mr. Jack Pocket,1224,1223
376683,In the Footsteps of Darwin,1225,1224
322616,Comic Hunters,1226,1225
299960,Alma Mater,1227,1226
823,The Lord of the Rings,1228,1227
381278,Dracula vs Van Helsing,1229,1228
176371,Explorers of the North Sea,1230,1229
157403,Black Fleet,1231,1230
35497,Fauna,1232,1231
230080,Majesty: For the Realm,1233,1232
16992,Tsuro,1234,1233
261114,Men at Work,1235,1234
302098,Chronicles of Crime: 1900,1236,1235
281194,Flick of Faith,1237,1236
141517,A Study in Emerald,1238,1237
218509,Empires of the Void II,1239,1238
242684,Reavers of Midgard,1240,1239
104710,Wiz-War (Eighth Edition),1241,1240
224597,Warhammer Underworlds: Shadespire,1242,1241
306481,Tawantinsuyu: The Inca Empire,1243,1242
554,La Città,1244,1243
224,History of the World,1245,1244
284936,Café,1246,1245
194517,Super Fantasy Brawl,1247,1246
171669,Discoveries: The Journals of Lewis & Clark,1248,1247
310448,Zombie Teenz Evolution,1249,1248
419195,Fishing,1250,1249
253284,Ticket to Ride: New York,1251,1250
182340,Star Trek: Frontiers,1252,1251
19600,Antike,1253,1252
164949,"Time of Crisis: The Roman Empire in Turmoil, 235-284 AD",1254,1253
359152,Marvel: Remix,1255,1254
199383,Calimala,1256,1255
377061,Coffee Rush,1257,1256
367517,La Famiglia: The Great Mafia War,1258,1257
206051,Insider,1259,1258
200853,Habitats,1260,1259
322622,Floriferous,1261,1260
146312,Ghost Fightin' Treasure Hunters,1262,1261
181796,The Prodigals Club,1263,1262
276042,Conspiracy: Abyss Universe,1264,1263
150999,Valley of the Kings,1265,1264
270871,Agemonia,1266,1265
298638,Sheriff of Nottingham: 2nd Edition,1267,1266
274124,Northgard: Uncharted Lands,1268,1267
75449,Firenze,1269,1268
438402,Forest Shuffle: Dartmoor,1270,1269
175199,Mottainai,1271,1270
174570,Legendary Encounters: A Predator Deck Building Game,1272,1271
25568,Metropolys,1273,1272
217449,NMBR 9,1274,1273
21523,Runebound: Second Edition,1275,1274
123570,Strike,1276,1275
245422,Werewords Deluxe Edition,1277,1276
233571,Star Wars: Legion,1278,1277
200077,Mint Works,1279,1278
301767,Mysterium Park,1280,1279
156776,"Warhammer 40,000: Conquest",1281,1280
299317,Aeon's End: Outcasts,1282,1281
200954,Fields of Green,1283,1282
408637,The Anarchy,1284,1283
230933,Merlin,1285,1284
358504,Betrayal at House on the Hill: 3rd Edition,1286,1285
157809,Nations: The Dice Game,1287,1286
340677,Bad Company,1288,1287
82420,Summoner Wars: Guild Dwarves vs Cave Goblins,1289,1288
456440,Cozy Stickerville,1290,1289
122522,Smash Up,1291,1290
208024,The Reckoners,1292,1291
939,Star Wars: The Queen's Gambit,1293,1292
180680,Automobiles,1294,1293
271615,The Quest for El Dorado: The Golden Temples,1295,1294
388367,Innovation Ultimate,1296,1295
191231,Via Nebula,1297,1296
347811,Too Many Bones: Unbreakable,1298,1297
95064,Ascension: Return of the Fallen,1299,1298
358557,The Search for Lost Species,1300,1299
185589,Islebound,1301,1300
95103,Fortune and Glory: The Cliffhanger Game,1302,1301
246761,Cahoots,1303,1302
194880,Dream Home,1304,1303
328908,The Initiative,1305,1304
366162,Clever 4Ever,1306,1305
91536,Quarriors!,1307,1306
366994,Bonsai,1308,1307
130176,Tales & Games: The Hare & the Tortoise,1309,1308
223750,Hardback,1310,1309
173090,The Game,1311,1310
273477,Obscurio,1312,1311
252752,Genotype: A Mendelian Genetics Game,1313,1312
411875,Pixies,1314,1313
129736,Cockroach Poker Royal,1315,1314
136991,Loony Quest,1316,1315
145639,Coconuts,1317,1316
355433,boop.,1318,1317
351526,Encyclopedia,1319,1318
256589,Rallyman: GT,1320,1319
348220,Deep Rock Galactic: The Board Game,1321,1320
131646,Merchant of Venus (Second Edition),1322,1321
359402,Ahoy,1323,1322
35052,Axis & Allies Anniversary Edition,1324,1323
198454,When I Dream,1325,1324
330592,Phantom Ink,1326,1325
353470,Star Wars: Jabba's Palace – A Love Letter Game,1327,1326
24068,Shadow Hunters,1328,1327
207691,Railroad Revolution,1329,1328
284778,Unmatched: Jurassic Park – Dr. Sattler vs. T. Rex,1330,1329
168917,Smash Up: Pretty Pretty Smash Up,1331,1330
165838,Space Hulk (Fourth Edition),1332,1331
206931,Encore!,1333,1332
232918,Fallout,1334,1333
171233,The Big Book of Madness,1335,1334
6830,Zendo,1336,1335
97903,Terror in Meeple City,1337,1336
221,Ikusa,1338,1337
141423,Dead Men Tell No Tales,1339,1338
302425,Unlock!: Mythic Adventures,1340,1339
310632,Dice Miner,1341,1340
371077,Arborea,1342,1341
55427,Mr. Jack in New York,1343,1342
425005,Everdell Duo,1344,1343
281526,The Isofarian Guard,1345,1344
340325,Vagrantsong,1346,1345
424774,Dorfromantik: Sakura,1347,1346
127518,A Distant Plain,1348,1347
373167,20 Strong,1349,1348
163154,Falling Sky: The Gallic Revolt Against Caesar,1350,1349
342562,ROVE: Results-Oriented Versatile Explorer,1351,1350
412865,Foundations of Metropolis,1352,1351
297985,Battle Line: Medieval,1353,1352
294693,Nokosu Dice,1354,1353
17329,Animal Upon Animal,1355,1354
311715,Mini Rogue,1356,1355
69779,Polis: Fight for the Hegemony,1357,1356
278,Catan Card Game,1358,1357
268586,6 nimmt! 25 Jahre,1359,1358
104363,Rex: Final Days of an Empire,1360,1359
158275,Marvel Dice Masters: Uncanny X-Men,1361,1360
161866,Zombicide Season 3: Rue Morgue,1362,1361
22825,Tide of Iron,1363,1362
371932,Explorers of Navoria,1364,1363
72225,CO₂,1365,1364
160018,Smash Up: Monster Smash,1366,1365
145371,Three Kingdoms Redux,1367,1366
1608,Ambush!,1368,1367
326933,Unmatched: Redemption Row,1369,1368
309110,Food Chain Island,1370,1369
327,Loopin' Louie,1371,1370
406291,스플렌더: Pokémon (Splendor: Pokémon),1372,1371
341530,Super Mega Lucky Box,1373,1372
18100,China,1374,1373
344554,Décorum,1375,1374
66837,1862: Railway Mania in the Eastern Counties,1376,1375
60,Vinci,1377,1376
143884,Machi Koro,1378,1377
142326,Eight-Minute Empire: Legends,1379,1378
37836,"Julius Caesar: Caesar, Pompey, and the Roman Civil War",1380,1379
354,Stick 'Em,1381,1380
268620,Similo,1382,1381
298102,Roll Camera!: The Filmmaking Board Game,1383,1382
833,For the People,1384,1383
271869,Sushi Roll,1385,1384
176544,Automania,1386,1385
244536,Tiny Epic Zombies,1387,1386
5737,Domaine,1388,1387
207243,The City of Kings,1389,1388
350205,Horseless Carriage,1390,1389
222514,Batman: Gotham City Chronicles,1391,1390
407343,Ironwood,1392,1391
91080,Andean Abyss,1393,1392
154246,La Isla,1394,1393
1301,Netrunner,1395,1394
365104,Planted: A Game of Nature & Nurture,1396,1395
240855,Lockup: A Roll Player Tale,1397,1396
244049,Forum Trajanum,1398,1397
301257,Maglev Metro,1399,1398
398,Botswana,1400,1399
43443,Castle Panic,1401,1400
422332,Star Wars: The Deckbuilding Game – Clone Wars Edition,1402,1401
1822,Wilderness War,1403,1402
425445,Sweet Lands,1404,1403
180899,Ponzi Scheme,1405,1404
338093,Ancient Knowledge,1406,1405
282954,Paris,1407,1406
256606,Spirits of the Wild,1408,1407
551,Battle Cry,1409,1408
213266,Circle the Wagons,1410,1409
229265,Wendake,1411,1410
233961,Claim,1412,1411
1115,Poker,1413,1412
436215,The Hobbit: There and Back Again,1414,1413
434367,Nippon: Zaibatsu,1415,1414
183571,Deep Space D-6,1416,1415
326934,Unmatched: Hell's Kitchen,1417,1416
188547,Maximum Apocalypse,1418,1417
234669,Legacy of Dragonholt,1419,1418
338628,Trails,1420,1419
163642,Chimera Station,1421,1420
291859,Riftforce,1422,1421
241477,Karak,1423,1422
386166,Santorini: Pantheon Edition,1424,1423
44163,Power Grid: Factory Manager,1425,1424
137297,Rise of Augustus,1426,1425
332386,Brew,1427,1426
82168,Escape from the Aliens in Outer Space,1428,1427
392023,Mycelia,1429,1428
225482,Seas of Strife,1430,1429
152162,Diamonds,1431,1430
192074,Odin's Ravens (Second Edition),1432,1431
345976,System Gateway (fan expansion for Android: Netrunner),1433,1432
85897,Thunderstone: Dragonspire,1434,1433
403754,Middle Ages,1435,1434
397931,Deep Regrets,1436,1435
302388,Back to the Future: Back in Time,1437,1436
331820,Rolling Heights,1438,1437
71671,Yggdrasil,1439,1438
314088,Agropolis,1440,1439
183880,Risk: Star Wars Edition,1441,1440
8989,Hansa,1442,1441
369646,Disney Lorcana,1443,1442
218421,Street Masters,1444,1443
45986,Stronghold,1445,1444
197070,Massive Darkness,1446,1445
140933,Blueprints,1447,1446
164265,Witness,1448,1447
257614,Tussie Mussie,1449,1448
338376,A Gest of Robin Hood,1450,1449
207336,Honshū,1451,1450
156091,Sons of Anarchy: Men of Mayhem,1452,1451
254127,Europa Universalis: The Price of Power,1453,1452
228660,Betrayal at Baldur's Gate,1454,1453
344258,That Time You Killed Me,1455,1454
104020,Vanuatu,1456,1455
219101,Pavlov's House,1457,1456
149155,Dead Man's Draw,1458,1457
124,Primordial Soup,1459,1458
257518,Claustrophobia 1643,1460,1459
22141,Cleopatra and the Society of Architects,1461,1460
298371,Wild Space,1462,1461
105,Colossal Arena,1463,1462
216092,Unlock!: Escape Adventures – Squeek & Sausage,1464,1463
184151,Legend of the Five Rings: The Card Game,1465,1464
16395,Blokus Duo,1466,1465
293835,Oltréé,1467,1466
295785,Euthia: Torment of Resurrection,1468,1467
386937,Lacuna,1469,1468
226520,EXIT: The Game – The Sinister Mansion,1470,1469
195162,Plague Inc.: The Board Game,1471,1470
13823,Fairy Tale,1472,1471
339958,Gutenberg,1473,1472
318472,Blood Bowl: Second Season Edition,1474,1473
382518,Sankoré: The Pride of Mansa Musa,1475,1474
366683,Raising Robots,1476,1475
364766,MicroMacro: Crime City – All In,1477,1476
1634,Warhammer Quest,1478,1477
272380,SHŌBU,1479,1478
135382,Shadowrun: Crossfire,1480,1479
221318,Whistle Stop,1481,1480
327711,It's a Wonderful Kingdom,1482,1481
34084,Witch's Brew,1483,1482
256997,Perseverance: Castaway Chronicles – Episodes 1 & 2,1484,1483
89409,BattleCON: War of Indines,1485,1484
408547,Things in Rings,1486,1485
312859,Townsfolk Tussle,1487,1486
128721,Crisis,1488,1487
358124,Mists over Carcassonne,1489,1488
83195,Ghost Blitz,1490,1489
231484,Carnival of Monsters,1491,1490
27364,Caylus Magna Carta,1492,1491
226518,EXIT: The Game – The Sunken Treasure,1493,1492
159473,Quartermaster General,1494,1493
378387,Inventors of the South Tigris,1495,1494
94246,1812: The Invasion of Canada,1496,1495
171879,Kraftwagen,1497,1496
330038,Llamaland,1498,1497
67492,Battles of Westeros,1499,1498
288169,The Fox in the Forest Duet,1500,1499
251412,On Tour,1501,1500
121410,Steam Park,1502,1501
126100,Mythos Tales,1503,1502
393307,Tower Up,1504,1503
527,GIPF,1505,1504
299252,Here to Slay,1506,1505
165986,Royals,1507,1506
41916,The Magic Labyrinth,1508,1507
35815,A Touch of Evil: The Supernatural Game,1509,1508
174660,New York 1901,1510,1509
253608,18Chesapeake,1511,1510
440007,The Druids of Edora,1512,1511
173101,Council of 4,1513,1512
291962,Paper Dungeons: A Dungeon Scrawler Game,1514,1513
165872,Liberty or Death: The American Insurrection,1515,1514
102548,Dungeon Fighter,1516,1515
151007,Pathfinder Adventure Card Game: Skull & Shackles – Base Set,1517,1516
91873,Strasbourg,1518,1517
25643,Arkadia,1519,1518
25821,The Werewolves of Miller's Hollow,1520,1519
437306,Parks (Second Edition),1521,1520
68264,No Retreat! The Russian Front,1522,1521
10,Elfenland,1523,1522
255674,Imhotep: The Duel,1524,1523
42452,Rattus,1525,1524
287938,Kitchen Rush (Revised Edition),1526,1525
312267,Star Wars: Unlock!,1527,1526
269595,Copenhagen,1528,1527
152470,Fief: France 1429,1529,1528
63975,Mountain Goats,1530,1529
191597,Dale of Merchants 2,1531,1530
9220,Saboteur,1532,1531
2842,TransAmerica,1533,1532
16986,Ubongo,1534,1533
85256,Timeline: Inventions,1535,1534
131014,Carcassonne: Winter Edition,1536,1535
147303,Carcassonne: South Seas,1537,1536
182694,Watson & Holmes,1538,1537
183006,Qwinto,1539,1538
249746,Nanty Narking,1540,1539
264982,Coloma,1541,1540
299121,Machina Arcana (Second/Third Edition),1542,1541
154386,Medieval Academy,1543,1542
229491,Edge of Darkness,1544,1543
1540,BattleTech,1545,1544
121297,Fleet,1546,1545
223855,Sentient,1547,1546
238638,Castell,1548,1547
332944,Sobek: 2 Players,1549,1548
187377,Vikings Gone Wild,1550,1549
331224,Zombicide: Undead or Alive,1551,1550
339906,The Hunger,1552,1551
8045,Princes of the Renaissance,1553,1552
366310,Dice Throne: Santa v. Krampus,1554,1553
30381,Hamburgum,1555,1554
227456,Escape the Dark Castle,1556,1555
315695,Veiled Fate,1557,1556
254226,Unlock!: Exotic Adventures,1558,1557
225244,Ticket to Ride: Germany,1559,1558
322656,burncycle,1560,1559
104347,Santiago de Cuba,1561,1560
230085,Agra,1562,1561
12995,Dungeon Twister,1563,1562
1261,Medina,1564,1563
383010,Clank! Legacy 2: Acquisitions Incorporated – Darkest Magic,1565,1564
38713,Time's Up! Party,1566,1565
347767,Ostia,1567,1566
17396,Manoeuvre,1568,1567
306882,Railroad Ink Challenge: Shining Yellow Edition,1569,1568
316858,CloudAge,1570,1569
358981,"Air, Land, & Sea: Spies, Lies, & Supplies",1571,1570
61692,Axis & Allies: Europe 1940,1572,1571
283294,Yukon Airways,1573,1572
159504,Folklore: The Affliction,1574,1573
302524,Super-Skill Pinball: 4-Cade,1575,1574
42910,Peloponnes,1576,1575
826,Cartagena,1577,1576
19100,Hacienda,1578,1577
123955,Thunderbolt Apache Leader,1579,1578
315727,Last Light,1580,1579
157526,Viceroy,1581,1580
39953,A Game of Thrones: The Card Game,1582,1581
224821,One Deck Dungeon: Forest of Shadows,1583,1582
300442,Trekking the World,1584,1583
363369,Starship Captains,1585,1584
159503,The Captain Is Dead,1586,1585
7805,Fearsome Floors,1587,1586
134253,Hostage Negotiator,1588,1587
18258,Mission: Red Planet,1589,1588
390340,Challengers! Beach Cup,1590,1589
371947,3 Ring Circus,1591,1590
151771,La Cosa Nostra,1592,1591
253759,Paint the Roses,1593,1592
335609,TEN,1594,1593
855,Java,1595,1594
15818,Pick-omino,1596,1595
375852,Welcome to Everdell,1597,1596
247236,Duelosaur Island,1598,1597
205716,New Angeles,1599,1598
164338,The Golden Ages,1600,1599
160610,Thunderbirds,1601,1600
191876,Ulm,1602,1601
137649,Level 7 [Omega Protocol],1603,1602
243759,Hellboy: The Board Game,1604,1603
257527,Trapwords,1605,1604
215471,Photograph,1606,1605
323156,Stroganov,1607,1606
402111,Kronologic: Paris 1920,1608,1607
361241,Vaalbara,1609,1608
300001,Renature,1610,1609
116,Guillotine,1611,1610
119591,Rialto,1612,1611
50768,Ninjato,1613,1612
328326,Fleet: The Dice Game (Second Edition),1614,1613
394,Kahuna,1615,1614
202077,Deep Madness,1616,1615
360153,Marvel Dice Throne: Scarlet Witch v. Thor v. Loki v. Spider-Man,1617,1616
204836,Escape Room: The Game,1618,1617
202583,Rise of Tribes,1619,1618
219100,UBOOT: The Board Game,1620,1619
272533,Kingdom Rush: Rift in Time,1621,1620
210232,Dungeon Degenerates: Hand of Doom,1622,1621
1403,Turn the Tide,1623,1622
405537,DroPolter,1624,1623
343844,Bullet★,1625,1624
404538,Kinfire Delve: Scorn's Stockade,1626,1625
132372,Guildhall,1627,1626
113873,"The Hunters: German U-Boats at War, 1939-43",1628,1627
449185,FlipToons,1629,1628
232361,After the Virus,1630,1629
143405,Sylvion,1631,1630
392449,Welcome To...: Collector's Edition,1632,1631
268012,Chronicles of Drunagor: Age of Darkness,1633,1632
223931,Sherlock Holmes Consulting Detective: Carlton House & Queen's Park,1634,1633
3228,Pueblo,1635,1634
199,Manhattan,1636,1635
364655,Kinfire Chronicles: Night's Fall,1637,1636
38863,The Rich and the Good,1638,1637
415945,Unmatched: Slings and Arrows,1639,1638
248125,Monumental,1640,1639
1159,Evo,1641,1640
2397,Backgammon,1642,1641
257769,Walking in Burano,1643,1642
230,Merchant of Venus,1644,1643
356754,Tamashii: Chronicle of Ascend,1645,1644
38159,Ultimate Werewolf: Ultimate Edition,1646,1645
232988,The Castles of Burgundy: The Dice Game,1647,1646
177802,Smash Up: It's Your Fault!,1648,1647
288513,Tranquility,1649,1648
157001,Trains: Rising Sun,1650,1649
204505,Museum,1651,1650
380135,Dead Cells: The Rogue-Lite Board Game,1652,1651
381247,Dragon Eclipse,1653,1652
4099,Keythedral,1654,1653
167270,Medina (Second Edition),1655,1654
150312,Welcome to the Dungeon,1656,1655
111124,Dark Moon,1657,1656
9203,Wings of War: Famous Aces,1658,1657
2507,Liberté,1659,1658
1897,The Starfarers of Catan,1660,1659
352695,Oranienburger Kanal,1661,1660
163474,V-Sabotage,1662,1661
174837,Sol: Last Days of a Star,1663,1662
23094,Planet Steam,1664,1663
281946,Aftermath,1665,1664
370164,Fun Facts,1666,1665
352179,Astro Knights,1667,1666
285533,Miyabi,1668,1667
205418,Agricola: Family Edition,1669,1668
217085,Unearth,1670,1669
2338,Starship Catan,1671,1670
624,Quoridor,1672,1671
42487,Lost Cities: The Board Game,1673,1672
355326,Heroes of Might and Magic III: The Board Game,1674,1673
244918,EXIT: The Game – The Mysterious Museum,1675,1674
63268,Spot it!,1676,1675
381819,Zhanguo: The First Empire,1677,1676
244191,Naga Raja,1678,1677
447174,A Wild Venture,1679,1678
206803,Warsaw: City of Ruins,1680,1679
254713,The Artemis Project,1681,1680
402663,Salton Sea,1682,1681
306709,The Night Cage,1683,1682
200511,After the Empire,1684,1683
304285,Infinity Gauntlet: A Love Letter Game,1685,1684
134453,The Little Prince: Make Me a Planet,1686,1685
103,Titan,1687,1686
380165,Next Station: Tokyo,1688,1687
350458,Terracotta Army,1689,1688
127024,Room 25,1690,1689
117985,Star Trek: Catan,1691,1690
167513,Barony,1692,1691
297978,Mariposas,1693,1692
312318,Century: Golem Edition – An Endless World,1694,1693
12495,Fire & Axe: A Viking Saga,1695,1694
330950,Age of Galaxy,1696,1695
310192,Overboss: A Boss Monster Adventure,1697,1696
347013,Get on Board: New York & London,1698,1697
113401,Timeline: Events,1699,1698
98527,Gloom of Kilforth: A Fantasy Quest Game,1700,1699
304668,Robot Quest Arena,1701,1700
246663,NEOM,1702,1701
106,Mystery Rummy: Jack the Ripper,1703,1702
146910,Wildcatters,1704,1703
266966,Dice Throne: Season Two – Gunslinger v. Samurai,1705,1704
215841,EXIT: The Game – The Forgotten Island,1706,1705
72991,Asara,1707,1706
406174,Kinfire Delve: Callous' Lab,1708,1707
33604,Say Anything,1709,1708
165950,Beasty Bar,1710,1709
10640,Doom: The Boardgame,1711,1710
438,Scotland Yard,1712,1711
360366,Tainted Grail: Kings of Ruin,1713,1712
15,Cosmic Encounter,1714,1713
21441,Mykerinos,1715,1714
60435,Rallyman,1716,1715
429863,Covenant,1717,1716
348096,Kites,1718,1717
244995,Illusion,1719,1718
175549,Salem 1692,1720,1719
5716,Balloon Cup,1721,1720
254591,Heroes of Terrinoth,1722,1721
172385,Porta Nigra,1723,1722
19237,Ca$h 'n Gun$,1724,1723
166226,The Staufer Dynasty,1725,1724
220133,Endangered,1726,1725
57390,Catacombs,1727,1726
271088,Ishtar: Gardens of Babylon,1728,1727
180040,Villages of Valeria,1729,1728
336929,Land vs Sea,1730,1729
216201,Robo Rally,1731,1730
233020,Fireball Island: The Curse of Vul-Kar,1732,1731
212516,Keyper,1733,1732
300010,Dragomino,1734,1733
395623,Harvest,1735,1734
264647,Age of Civilization,1736,1735
204,Stephenson's Rocket,1737,1736
878,Wyatt Earp,1738,1737
105037,Tournay,1739,1738
163413,Murano,1740,1739
272453,KeyForge: Age of Ascension,1741,1740
200057,Pioneer Days,1742,1741
328124,Bot Factory,1743,1742
29223,Marrakech,1744,1743
53093,Heroes of Normandie,1745,1744
371972,Ierusalem: Anno Domini,1746,1745
271321,CABO (Second Edition),1747,1746
66,Löwenherz,1748,1747
159109,XenoShyft: Onslaught,1749,1748
272682,Expedition to Newdale,1750,1749
282853,Catan: Starfarers,1751,1750
811,Rummikub,1752,1751
166857,Antike II,1753,1752
30618,Eat Poop You Cat,1754,1753
283317,The 7th Continent: Classic Edition,1755,1754
338460,The Isle of Cats: Explore & Draw,1756,1755
215842,EXIT: The Game – The Polar Station,1757,1756
389820,Burning Banners,1758,1757
63170,1817,1759,1758
179572,Dice City,1760,1759
2122,Vampire: The Eternal Struggle,1761,1760
363183,Tokaido Duo,1762,1761
330608,Cryo,1763,1762
22038,Warrior Knights,1764,1763
139030,Mascarade,1765,1764
39684,Merkator,1766,1765
351476,My City: Roll & Build,1767,1766
426513,Emberleaf,1768,1767
15126,Advanced Squad Leader: Starter Kit #2,1769,1768
409693,Flatiron,1770,1769
184424,Mega Civilization,1771,1770
216091,Unlock!: Escape Adventures – The Formula,1772,1771
364186,Terra Nova,1773,1772
325698,Juicy Fruits,1774,1773
422042,Tea Garden,1775,1774
258444,Gingerbread House,1776,1775
175324,Fog of Love,1777,1776
9446,Blue Moon,1778,1777
194626,Happy Salmon,1779,1778
191894,Imagine,1780,1779
254192,Harry Potter: Hogwarts Battle – Defence Against the Dark Arts,1781,1780
3284,Star Wars: Epic Duels,1782,1781
119,Cosmolancer,1783,1782
194690,Viral,1784,1783
19999,Aton,1785,1784
339214,Fruit Fight,1786,1785
55829,Axis & Allies: Pacific 1940,1787,1786
342032,Wild Tiled West,1788,1787
283619,Century: Golem Edition – Eastern Mountains,1789,1788
3955,BANG!,1790,1789
429405,Orloj: The Prague Astronomical Clock,1791,1790
201,The Rose King,1792,1791
255675,EXIT: The Game – The Catacombs of Horror,1793,1792
1568,Space Crusade,1794,1793
363625,Fateforge: Chronicles of Kaan,1795,1794
254018,Solenia,1796,1795
356414,Space Station Phoenix,1797,1796
71836,Onirim,1798,1797
38823,Conflict of Heroes: Storms of Steel! – Kursk 1943,1799,1798
349463,"Dungeons, Dice & Danger",1800,1799
94362,Rune Age,1801,1800
217398,Path of Light and Shadow,1802,1801
318546,CoraQuest,1803,1802
350736,Voyages,1804,1803
116954,Butterfly Garden,1805,1804
142992,Gravwell: Escape from the 9th Dimension,1806,1805
218530,Tortuga 1667,1807,1806
253214,Escape Tales: The Awakening,1808,1807
2065,Shogi,1809,1808
1231,Bandu,1810,1809
176229,Tides of Time,1811,1810
331401,Dog Park,1812,1811
481,Carolus Magnus,1813,1812
131366,Eight-Minute Empire,1814,1813
142852,DC Deck-Building Game: Heroes Unite,1815,1814
347805,Green Team Wins,1816,1815
282414,Pharaon,1817,1816
196202,Rum & Bones: Second Tide,1818,1817
176083,Hit Z Road,1819,1818
8190,The Bridges of Shangri-La,1820,1819
285265,Rune Stones,1821,1820
362020,Cosmoctopus,1822,1821
286537,Burgle Bros 2: The Casino Capers,1823,1822
214396,Campy Creatures,1824,1823
179460,Stronghold: 2nd edition,1825,1824
332321,ALIEN: Fate of the Nostromo,1826,1825
267127,Aerion,1827,1826
386366,Shipwrights of the North Sea: Redux,1828,1827
929,The Great Dalmuti,1829,1828
73664,Cabo,1830,1829
16496,Roma,1831,1830
337787,Summer Camp,1832,1831
269603,Minecraft: Builders & Biomes,1833,1832
358816,Rear Window,1834,1833
3097,1849: The Game of Sicilian Railways,1835,1834
29934,Amyitis,1836,1835
131325,Timeline: General Interest,1837,1836
181810,Kodama: The Tree Spirits,1838,1837
385680,Path of Civilization,1839,1838
415147,Spectacular,1840,1839
129051,Le Havre: The Inland Port,1841,1840
309105,Sagani,1842,1841
251551,Dale of Merchants Collection,1843,1842
301716,Glasgow,1844,1843
275044,Glow,1845,1844
22,Magic Realm,1846,1845
143175,Kashgar: Merchants of the Silk Road,1847,1846
297486,Ride the Rails,1848,1847
284584,Troyes Dice,1849,1848
6411,Blokus 3D,1850,1849
408636,Skara Brae,1851,1850
342894,Mythic Mischief,1852,1851
294702,Tenpenny Parks,1853,1852
223740,Bargain Quest,1854,1853
232595,Skulk Hollow,1855,1854
266967,Dice Throne: Season Two – Cursed Pirate v. Artificer,1856,1855
260300,Dungeon Mayhem,1857,1856
67877,Anomia,1858,1857
289081,The Grand Carnival,1859,1858
196,Kremlin,1860,1859
242,Junta,1861,1860
402024,Conservas,1862,1861
205317,DOOM: The Board Game,1863,1862
1198,SET,1864,1863
180020,Virus!,1865,1864
401216,Cascadero,1866,1865
148943,Coup: Rebellion G54,1867,1866
21550,Blokus Trigon,1868,1867
902,Meuterer,1869,1868
316786,Tabannusi: Builders of Ur,1870,1869
319807,Shogun no Katana,1871,1870
148203,Dutch Blitz,1872,1871
175223,Valley of the Kings: Afterlife,1873,1872
350185,Draft & Write Records,1874,1873
280453,Masters of Renaissance: Lorenzo il Magnifico – The Card Game,1875,1874
252929,Planet,1876,1875
138431,Galaxy Defenders,1877,1876
454672,Boss Fighters QR,1878,1877
619,The Bottle Imp,1879,1878
1915,Middle-earth,1880,1879
371688,HUANG,1881,1880
314582,Amsterdam,1882,1881
324711,Schadenfreude,1883,1882
383469,Unmatched: Sun's Origin,1884,1883
362976,Beacon Patrol,1885,1884
17223,World of Warcraft: The Boardgame,1886,1885
340364,Machi Koro 2,1887,1886
410991,Looot,1888,1887
492,Aladdin's Dragons,1889,1888
448271,The Lord of the Rings: The Two Towers – Trick-Taking Game,1890,1889
594,Sleuth,1891,1890
359394,My Island,1892,1891
323255,Box One,1893,1892
357028,Dungeon Fighter: Second Edition,1894,1893
235555,Bios: Origins (Second Edition),1895,1894
312251,Curious Cargo,1896,1895
169794,Haspelknecht: The Story of Early Coal Mining,1897,1896
270109,Iwari,1898,1897
244916,Drop It,1899,1898
381308,Dixit: Disney Edition,1900,1899
228372,Iberian Gauge,1901,1900
240567,Chocolate Factory,1902,1901
101785,D-Day Dice,1903,1902
423401,Minos: Dawn of the Bronze Age,1904,1903
24827,Traders of Osaka,1905,1904
329226,Circadians: Chaos Order,1906,1905
314745,Now or Never,1907,1906
355888,Orichalcum,1908,1907
233678,Indian Summer,1909,1908
361788,First in Flight,1910,1909
115,I'm the Boss!,1911,1910
246200,Piepmatz: Little Songbirds,1912,1911
18745,Sun Tzu,1913,1912
172381,My Village,1914,1913
40209,RAF: The Battle of Britain 1940,1915,1914
204135,Skyjo,1916,1915
98,Axis & Allies,1917,1916
84732,Kariba,1918,1917
360206,Discordia,1919,1918
431038,Azul Duel,1920,1919
295577,Dungeon Mayhem: Monster Madness,1921,1920
24417,Factory Fun,1922,1921
1829,Risk 2210 A.D.,1923,1922
75165,De Vulgari Eloquentia,1924,1923
120523,Nothing Personal,1925,1924
383206,Freelancers: A Crossroads Game,1926,1925
412911,Monkey Palace,1927,1926
915,Mystery of the Abbey,1928,1927
180901,Joraku,1929,1928
181524,Masmorra: Dungeons of Arcadia,1930,1929
295905,Cosmic Frog,1931,1930
260789,Assassin's Creed: Brotherhood of Venice,1932,1931
422484,King of Tokyo: Duel,1933,1932
383467,Unmatched: Brains and Brawn,1934,1933
57925,La Habana,1935,1934
494,Ave Caesar,1936,1935
427388,Tend,1937,1936
2987,Pirate's Cove,1938,1937
264198,Warhammer Quest: Blackstone Fortress,1939,1938
152,Mü & More,1940,1939
38718,Normandy '44,1941,1940
276830,Sanctum,1942,1941
166571,Tramways,1943,1942
343526,G.I. JOE Deck-Building Game,1944,1943
94104,Omen: A Reign of War,1945,1944
406854,Odin,1946,1945
195856,Bloodborne: The Card Game,1947,1946
195043,Welcome Back to the Dungeon,1948,1947
424975,Wilmot's Warehouse,1949,1948
214484,HEXplore It: The Valley of the Dead King,1950,1949
266083,L.L.A.M.A.,1951,1950
424573,Pergola,1952,1951
109125,Wallenstein (Second Edition),1953,1952
420077,The Mandalorian: Adventures,1954,1953
244513,ICECOOL2,1955,1954
168,Empire Builder,1956,1955
20542,Advanced Squad Leader: Starter Kit #3,1957,1956
275913,Bruxelles 1897,1958,1957
183231,Adventure Land,1959,1958
370581,Fractured Sky,1960,1959
22877,Fields of Fire,1961,1960
195544,Tides of Madness,1962,1961
233261,Tidal Blades 2: Rise of the Unfolders,1963,1962
336131,Halls of Hegra,1964,1963
215840,EXIT: The Game – The Forbidden Castle,1965,1964
397897,Horrified: Greek Monsters,1966,1965
187700,GKR: Heavy Hitters,1967,1966
351594,Amalfi: Renaissance,1968,1967
423517,3 Chapters,1969,1968
280136,Paranormal Detectives,1970,1969
172220,Dungeons & Dragons: Temple of Elemental Evil Board Game,1971,1970
37919,Ascending Empires,1972,1971
143986,CV,1973,1972
3072,Necromunda,1974,1973
428440,Shallow Sea,1975,1974
148951,Tiny Epic Kingdoms,1976,1975
230889,Aristeia!,1977,1976
183284,Factory Funner,1978,1977
248861,Metro X,1979,1978
302260,Abandon All Artichokes,1980,1979
34887,Revolution!,1981,1980
230267,Dice Settlers,1982,1981
14254,PitchCar Mini,1983,1982
146816,Sanssouci,1984,1983
370789,Nova Roma,1985,1984
38545,Kamisado,1986,1985
277927,Bites,1987,1986
251433,Yokai Septet,1988,1987
424152,Orapa Mine,1989,1988
252399,Vast: The Mysterious Manor,1990,1989
320390,Kabuto Sumo,1991,1990
149776,Fireteam Zero,1992,1991
106662,Power Grid: The First Sparks,1993,1992
192860,Oceanos,1994,1993
39339,Android,1995,1994
13780,In the Shadow of the Emperor,1996,1995
31497,Oregon,1997,1996
216497,District Noir,1998,1997
359029,Nekojima,1999,1998
125548,Pixel Tactics,2000,1999
366495,Undaunted: Battle of Britain,2001,2000
403116,Next Station: Paris,2002,2001
196496,Warfighter: The WWII Tactical Combat Card Game,2003,2002
90040,Pergamon,2004,2003
7480,"Sword of Rome: Conquest of Italy, 362-272 BC",2005,2004
33451,The Red Dragon Inn 2,2006,2005
193308,Spyfall 2,2007,2006
251747,Atlantic Chase: The Kriegsmarine Against the Home Fleet 1939-1942,2008,2007
335275,Whirling Witchcraft,2009,2008
269752,Noctiluca,2010,2009
430533,Formaggio,2011,2010
300683,Meeple Land,2012,2011
236217,Time Bomb,2013,2012
366752,The Great Split,2014,2013
317434,EXIT: The Game – Advent Calendar: The Mystery of the Ice Cave,2015,2014
8129,Sluff Off!,2016,2015
1544,Beyond Balderdash,2017,2016
218804,Imaginarium,2018,2017
303551,Polis,2019,2018
436821,Everdell Silverfrost,2020,2019
183685,"Mr. President: The American Presidency, 2001-2020",2021,2020
267813,Adventure Games: The Dungeon,2022,2021
171662,Neanderthal,2023,2022
193728,Pendragon: The Fall of Roman Britain,2024,2023
38862,Giants,2025,2024
302312,Chronicles of Crime: 2400,2026,2025
235014,Sorcerer City,2027,2026
92319,Olympos,2028,2027
226605,Fire Tower,2029,2028
102435,Navajo Wars,2030,2029
285905,Marvel: Crisis Protocol Core Set,2031,2030
10093,Axis & Allies,2032,2031
13884,The Scepter of Zavandor,2033,2032
54137,Battle Sheep,2034,2033
222542,Otys,2035,2034
277597,Fast Sloths,2036,2035
144041,Patchistory,2037,2036
99975,Timeline: Science & Discoveries,2038,2037
170604,Renegade,2039,2038
293678,Stellar,2040,2039
43022,Yomi,2041,2040
4636,Clans,2042,2041
207572,Holland '44: Operation Market-Garden,2043,2042
269968,EXIT: The Game – The Haunted Roller Coaster,2044,2043
259298,The Ancient World (Second Edition),2045,2044
327056,Unlock! Kids: Detective Stories,2046,2045
294514,5-Minute Mystery,2047,2046
206940,Carcassonne: Amazonas,2048,2047
322561,Dice Throne: Season One Rerolled – Battle 1:  Barbarian v. Moon Elf,2049,2048
22484,Ingenious: Travel Edition,2050,2049
5206,Ogre,2051,2050
284217,Rush M.D.,2052,2051
268504,Adventure Tactics: Domianne's Tower,2053,2052
156714,Doomtown: Reloaded,2054,2053
361,Hare & Tortoise,2055,2054
274841,Cóatl,2056,2055
325555,Cantaloop: Book 1 – Breaking into Prison,2057,2056
402677,Daitoshi,2058,2057
178054,A Study in Emerald (Second Edition),2059,2058
221769,Bios: Megafauna (Second Edition),2060,2059
175307,Love Letter: Adventure Time,2061,2060
355200,Marvel Zombies: X-Men Resistance,2062,2061
8098,Jungle Speed,2063,2062
38343,Ad Astra,2064,2063
26,Age of Renaissance,2065,2064
259374,Belratti,2066,2065
267271,Egizia: Shifting Sands,2067,2066
34194,Aquaretto,2068,2067
103185,Walnut Grove,2069,2068
345155,Bruxelles 1893: Belle Époque,2070,2069
46396,Ubongo 3D,2071,2070
339484,Savannah Park,2072,2071
352454,Trailblazers,2073,2072
12761,Ys,2074,2073
122294,Ascension: Immortal Heroes,2075,2074
245354,Unlock!: Secret Adventures – The Adventurers of Oz,2076,2075
248158,Thanos Rising: Avengers Infinity War,2077,2076
298229,Steampunk Rally Fusion,2078,2077
309430,Tiny Epic Pirates,2079,2078
206084,Nautilion,2080,2079
413260,Botanicus,2081,2080
40270,Call of Cthulhu: The Card Game,2082,2081
15511,Fjords,2083,2082
149951,Warfighter: The Tactical Special Forces Card Game,2084,2083
304531,Ascension Tactics: Miniatures Deckbuilding Game,2085,2084
454909,Origin Story,2086,2085
131111,Codex: Card-Time Strategy – Deluxe Set,2087,2086
265256,PUSH,2088,2087
295488,Andor: The Family Fantasy Game,2089,2088
419704,Phoenix New Horizon,2090,2089
252446,Key Flow,2091,2090
420914,Iliad,2092,2091
1219,Labyrinth,2093,2092
22348,Duplik,2094,2093
123239,Wits & Wagers Party,2095,2094
321277,Tinners' Trail (Second Edition),2096,2095
317311,Switch & Signal,2097,2096
217083,LYNGK,2098,2097
57660,Time's Up! Edición Azul,2099,2098
403265,Marabunta,2100,2099
301919,Pandemic: Hot Zone – North America,2101,2100
165948,Mangrovia,2102,2101
256852,Aliens: Another Glorious Day in the Corps,2103,2102
43868,The Adventurers: The Temple of Chac,2104,2103
330084,Unlock!: Legendary Adventures,2105,2104
223215,Flip Ships,2106,2105
208895,New York Slice,2107,2106
1499,World in Flames,2108,2107
41933,Arctic Scavengers,2109,2108
27627,Talisman: Revised 4th Edition,2110,2109
5072,Carrom,2111,2110
351538,Bamboo,2112,2111
41010,My First Carcassonne,2113,2112
358085,Village Rails,2114,2113
248005,Ganymede,2115,2114
423,1856: Railroading in Upper Canada from 1856,2116,2115
24310,The Red Dragon Inn,2117,2116
13308,Niagara,2118,2117
3800,Himalaya,2119,2118
2081,The Civil War 1861-1865,2120,2119
157917,The Lord of the Ice Garden,2121,2120
12750,1860: Railways on the Isle of Wight,2122,2121
267378,Chakra,2123,2122
324914,Inside Job,2124,2123
337,Circus Flohcati,2125,2124
47055,High Frontier,2126,2125
6901,Euchre,2127,2126
439305,Flamecraft Duals,2128,2127
168609,"Artifacts, Inc.",2129,2128
34297,The Climbers,2130,2129
315881,Funfair,2131,2130
55697,Power Struggle,2132,2131
397736,Hitster: Guilty Pleasures,2133,2132
903,Hamster Roll,2134,2133
237,Wooden Ships & Iron Men,2135,2134
274450,Last Aurora,2136,2135
172996,The King Is Dead,2137,2136
27225,Bananagrams,2138,2137
3565,Mordheim: City of the Damned,2139,2138
220792,The Expanse Board Game,2140,2139
400995,Perspectives,2141,2140
1107,Nyet!,2142,2141
58936,Wars of the Roses: Lancaster vs. York,2143,2142
6351,Gulo Gulo,2144,2143
317582,Mythwind,2145,2144
269725,Corinth,2146,2145
329716,Eleven: Football Manager Board Game,2147,2146
271519,Ecosystem,2148,2147
24773,On the Underground,2149,2148
330174,Explorers,2150,2149
390173,Mindbug: Beyond Evolution,2151,2150
526,Abalone,2152,2151
381246,S.T.A.L.K.E.R. The Board Game,2153,2152
446493,Recall,2154,2153
159581,Maskmen,2155,2154
2251,Strat-O-Matic Baseball,2156,2155
241831,Reykholt,2157,2156
205046,Capital Lux,2158,2157
986,Babel,2159,2158
32125,Felicity: The Cat in the Sack,2160,2159
345266,Tales from the Red Dragon Inn,2161,2160
182189,Treasure Hunter,2162,2161
158900,Samurai Spirit,2163,2162
171011,Favor of the Pharaoh,2164,2163
266964,Dice Throne: Season Two – Seraph v. Vampire Lord,2165,2164
266965,Dice Throne: Season Two – Tactician v. Huntress,2166,2165
263895,City of the Great Machine,2167,2166
73369,51st State,2168,2167
230303,Unlock!: Mystery Adventures – The House on the Hill,2169,2168
349750,Molly House,2170,2169
210274,Petrichor,2171,2170
49,Mamma Mia!,2172,2171
299963,Picture Perfect,2173,2172
180199,"Colonial Twilight: The French-Algerian War, 1954-62",2174,2173
203430,Fuji Flush,2175,2174
273910,Stars of Akarios,2176,2175
227466,Break the Code,2177,2176
88827,Battle Cry: 150th Civil War Anniversary Edition,2178,2177
314580,Hamburg,2179,2178
145189,Timeline: Music & Cinema,2180,2179
256320,Fertility,2181,2180
21920,Leonardo da Vinci,2182,2181
30658,Rise of Empires,2183,2182
256804,Exploding Kittens: Party Pack,2184,2183
124172,Tsuro of the Seas,2185,2184
123607,Puzzle Strike: Third Edition,2186,2185
369548,After Us,2187,2186
234260,Prey Another Day,2188,2187
143185,Smash Up: The Obligatory Cthulhu Set,2189,2188
396895,Corps of Discovery: A Game Set in the World of Manifest Destiny,2190,2189
325810,Ascension: 10 Year Anniversary Edition,2191,2190
173761,Telestrations: After Dark,2192,2191
356952,Empire's End,2193,2192
418062,Railroad Tiles,2194,2193
195571,Legendary Encounters: A Firefly Deck Building Game,2195,2194
285894,Bravo!,2196,2195
216632,Tournament at Camelot,2197,2196
278553,Silver,2198,2197
262114,Rival Restaurants,2199,2198
230383,Memoarrr!,2200,2199
259081,Machi Koro Legacy,2201,2200
28086,Age of War,2202,2201
147253,The Ancient World,2203,2202
229713,War Room,2204,2203
303672,Trek 12: Himalaya,2205,2204
103092,Helvetia,2206,2205
383109,Dragonkeepers,2207,2206
111417,The Great Heartland Hauling Co.,2208,2207
701,A House Divided: War Between the States 1861-65,2209,2208
250881,Dominations: Road to Civilization,2210,2209
169611,Love Letter: The Hobbit – The Battle of the Five Armies,2211,2210
2808,The Russian Campaign,2212,2211
26457,Successors: The Battles for Alexander's Empire,2213,2212
107255,Evo (Second Edition),2214,2213
175293,Trambahn,2215,2214
61487,Unconditional Surrender! World War 2 in Europe,2216,2215
162009,The U.S. Civil War,2217,2216
24742,Cold War: CIA vs KGB,2218,2217
265537,Weimar: The Fight for Democracy,2219,2218
274428,Gaslands: Refuelled,2220,2219
157413,New Bedford,2221,2220
6887,Hearts,2222,2221
218208,Ticket to Ride: First Journey (Europe),2223,2222
220367,Empyreal: Spells & Steam,2224,2223
392492,Stupor Mundi,2225,2224
198487,Smash Up: Cease and Desist,2226,2225
361850,Nimalia,2227,2226
142079,Space Cadets: Dice Duel,2228,2227
240271,Core Space,2229,2228
243430,Dealt!,2230,2229
257732,Pax Transhumanity,2231,2230
180852,Tiny Epic Western,2232,2231
138233,Ascension: Rise of Vigil,2233,2232
270847,Set & Match,2234,2233
424280,Hitster: Music Bingo,2235,2234
163805,Transatlantic,2236,2235
4396,Odin's Ravens,2237,2236
254,Empires in Arms,2238,2237
272427,Terramara,2239,2238
120,Hoity Toity,2240,2239
28089,Château Roquefort,2241,2240
320718,Hidden Leaders,2242,2241
249590,Nevsky: Teutons and Rus in Collision 1240-1242,2243,2242
2393,Xiangqi,2244,2243
323613,LUNA Capital,2245,2244
127997,Qin,2246,2245
140,Pit,2247,2246
204184,Risk: Europe,2248,2247
71074,Expedition: Northwest Passage – HMS Terror Edition,2249,2248
226501,Dragonfire,2250,2249
322588,Origins: First Builders,2251,2250
431481,A Place for All My Books,2252,2251
41863,Axis & Allies: 1942,2253,2252
139771,Star Trek: Attack Wing,2254,2253
377969,Marvel United: Multiverse,2255,2254
400498,Light Speed: Arena,2256,2255
70,Big City,2257,2256
29937,König von Siam,2258,2257
238546,The Rise of Queensdale,2259,2258
205610,A Game of Thrones: Hand of the King,2260,2259
364641,Joan of Arc: Orléans Draw & Write,2261,2260
306321,Night of the Ninja,2262,2261
202977,Cytosis: A Cell Biology Board Game,2263,2262
35435,Nefertiti,2264,2263
348554,Autobahn,2265,2264
91984,Québec,2266,2265
174078,Holmes: Sherlock & Mycroft,2267,2266
205125,Ticket to Ride: First Journey (U.S.),2268,2267
96007,The New Era,2269,2268
253618,5-Minute Marvel,2270,2269
35503,Ra: The Dice Game,2271,2270
15600,Sardegna,2272,2271
104955,Antike Duellum,2273,2272
38386,A Castle for All Seasons,2274,2273
300583,Village Green,2275,2274
341496,Caesar's Empire,2276,2275
157096,Historia,2277,2276
208773,Quartermaster General: 1914,2278,2277
235375,Spirits of the Forest,2279,2278
216428,Seikatsu,2280,2279
128667,Samurai Sword,2281,2280
326937,Unmatched: For King and Country,2282,2281
223376,A Song of Ice & Fire: Tabletop Miniatures Game – Stark vs Lannister Starter Set,2283,2282
226634,The Thing: Infection at Outpost 31,2284,2283
304510,Pampero,2285,2284
136280,La Boca,2286,2285
233208,D-Day Dice (Second Edition),2287,2286
123499,City of Iron,2288,2287
1117,You're Bluffing!,2289,2288
308989,Bristol 1350,2290,2289
340,Frank's Zoo,2291,2290
1662,"Napoléon: The Waterloo Campaign, 1815",2292,2291
387515,Kavango,2293,2292
230305,Unlock!: Mystery Adventures – The Tonipal's Treasure,2294,2293
16267,Trans Europa,2295,2294
145588,Citrus,2296,2295
293348,Flesh and Blood,2297,2296
21551,SPQR (Deluxe Edition),2298,2297
197097,Four Against Darkness,2299,2298
322563,Dice Throne: Season One ReRolled – Pyromancer v. Shadow Thief,2300,2299
75358,SNCF: France & Germany,2301,2300
63759,Seeland,2302,2301
1032,B-17: Queen of the Skies,2303,2302
85005,The Boss,2304,2303
37907,Diamonds Club,2305,2304
163370,Carcassonne: Gold Rush,2306,2305
399822,Fate: Defenders of Grimheim,2307,2306
122842,Exodus: Proxima Centauri,2308,2307
592,Spades,2309,2308
341519,The Light in the Mist,2310,2309
330036,Great Plains,2311,2310
3931,Mare Nostrum,2312,2311
112138,Krosmaster: Arena,2313,2312
66588,Wits & Wagers Family,2314,2313
180592,Steam Time,2315,2314
113289,Snake Oil,2316,2315
242529,Medium,2317,2316
322562,Dice Throne: Season One ReRolled – Monk v. Paladin,2318,2317
412086,Etherstone,2319,2318
342372,The Elder Scrolls V: Skyrim – The Adventure Game,2320,2319
66510,The Red Dragon Inn 3,2321,2320
9441,Ribbit,2322,2321
37387,Steel Driver,2323,2322
34585,Keltis,2324,2323
249763,Claim 2,2325,2324
425276,Unmatched Adventures: Teenage Mutant Ninja Turtles,2326,2325
36648,Pyramid of Pengqueen,2327,2326
146418,Warhammer: Diskwars,2328,2327
171726,Project: ELITE,2329,2328
227072,The Chameleon,2330,2329
320527,Dice Throne: Season One ReRolled – Treant v. Ninja,2331,2330
174973,Boss Monster 2: The Next Level,2332,2331
253664,Taco Cat Goat Cheese Pizza,2333,2332
413469,Ada's Dream,2334,2333
85325,Kolejka,2335,2334
22245,Royal Visit,2336,2335
155969,Harbour,2337,2336
242653,Mysthea,2338,2337
37358,Founding Fathers,2339,2338
38992,Royal Palace,2340,2339
198287,Legends of Andor: The Last Hope,2341,2340
273703,Altar Quest,2342,2341
267979,Tiwanaku,2343,2342
163,Balderdash,2344,2343
142271,Anomia: Party Edition,2345,2344
280748,Escape the Dark Sector,2346,2345
431305,Great Western Trail: El Paso,2347,2346
19622,A Victory Lost: Crisis in Ukraine 1942-1943,2348,2347
292974,Tournament at Avalon,2349,2348
315060,Unmatched: Buffy the Vampire Slayer,2350,2349
1887,Legend of the Five Rings,2351,2350
393973,Match of the Century,2352,2351
33154,Wasabi!,2353,2352
253684,Spring Meadow,2354,2353
192945,Coal Baron: The Great Card Game,2355,2354
181345,Dr. Eureka,2356,2355
125,Money!,2357,2356
172933,Dragonwood,2358,2357
361958,Maple Valley,2359,2358
291847,Mantis Falls,2360,2359
366023,Marvel Zombies: Heroes' Resistance,2361,2360
312786,Poetry for Neanderthals,2362,2361
128442,Relic,2363,2362
12477,Bootleggers,2364,2363
295192,Tinderblox,2365,2364
275215,Namiji,2366,2365
276086,Hamlet: The Village Building Game,2367,2366
376893,Cyberion,2368,2367
331212,Aeon's End: Legacy of Gravehold,2369,2368
378758,Imperial Miners,2370,2369
146221,Forge War,2371,2370
730,Breakout: Normandy,2372,2371
287589,Red Outpost,2373,2372
157,Eurorails,2374,2373
195528,La Granja: No Siesta,2375,2374
352764,Disney Villainous: Bigger and Badder,2376,2375
277458,Kluster,2377,2376
113636,Edo,2378,2377
325348,Successors (Fourth Edition),2379,2378
24703,Heroscape Marvel: The Conflict Begins,2380,2379
42673,Field Commander: Napoleon,2381,2380
98918,Bios: Genesis,2382,2381
22192,HeroQuest Advanced Quest,2383,2382
222407,Lignum (Second Edition),2384,2383
302520,Hues and Cues,2385,2384
84,Rommel in the Desert,2386,2385
283934,EXIT: The Game – Theft on the Mississippi,2387,2386
271060,Pathfinder Adventure Card Game: Core Set,2388,2387
281152,On the Underground: London / Berlin,2389,2388
340897,Resurgence,2390,2389
179303,Cthulhu Realms,2391,2390
254683,Dodos Riding Dinos,2392,2391
310789,Catapult Feud,2393,2392
400205,5 Towers,2394,2393
218293,Rise to Nobility,2395,2394
118695,Riff Raff,2396,2395
299607,Capital Lux 2: Generations,2397,2396
279869,Nine Tiles Panic,2398,2397
295948,Aqualin,2399,2398
347112,Secret Identity,2400,2399
198190,Kepler-3042,2401,2400
249,Lifeboats,2402,2401
262547,Don't Get Got!,2403,2402
136955,Hands in the Sea,2404,2403
313262,Shamans,2405,2404
472,DungeonQuest,2406,2405
31105,Archaeology: The Card Game,2407,2406
229218,A Game of Thrones: Catan – Brotherhood of the Watch,2408,2407
211716,John Company,2409,2408
56931,Arena: Roma II,2410,2409
176558,Mafia de Cuba,2411,2410
138649,DC Comics Dice Masters: Justice League,2412,2411
369751,Sagrada Artisans,2413,2412
442,Um Reifenbreite,2414,2413
320,Scrabble,2415,2414
155255,Pax Pamir,2416,2415
423648,Naishi,2417,2416
153507,Terra,2418,2417
38765,Ground Floor,2419,2418
206150,1754: Conquest – The French and Indian War,2420,2419
322589,Zapotec,2421,2420
285036,Shadow Kingdoms of Valeria,2422,2421
417323,Panda Spin,2423,2422
160902,Dungeons & Dragons Dice Masters: Battle for Faerûn,2424,2423
67239,Catan Histories: Settlers of America – Trails to Rails,2425,2424
324853,EXIT: The Game – Kidnapped in Fortune City,2426,2425
212346,Shadows of Brimstone: Forbidden Fortress,2427,2426
143401,Yunnan,2428,2427
354886,Quacks & Co.: Quedlinburg Dash,2429,2428
466,Inkognito,2430,2429
313807,Oros,2431,2430
34707,The Hanging Gardens,2432,2431
157026,Ascension: Realms Unraveled,2433,2432
358386,Moon,2434,2433
120217,City of Horror,2435,2434
267058,300: Earth & Water,2436,2435
286428,"Wits & Wagers: It's Vegas, Baby!",2437,2436
232,Serenissima,2438,2437
350948,Familiar Tales,2439,2438
432527,Ethnos: 2nd Edition,2440,2439
381356,Diced Veggies,2441,2440
198525,Lotus,2442,2441
28259,Cutthroat Caverns,2443,2442
231696,Bob Ross: Art of Chill Game,2444,2443
143404,Castellion,2445,2444
168681,Beyond Baker Street,2446,2445
63543,Horus Heresy,2447,2446
181819,Sorcerer,2448,2447
210290,Legendary: Buffy The Vampire Slayer,2449,2448
32412,Palastgeflüster,2450,2449
249411,Cuzco,2451,2450
6819,Skat,2452,2451
311322,Herd Mentality,2453,2452
300751,Mini Express,2454,2453
273264,Iron Helm,2455,2454
338434,Hoplomachus: Remastered,2456,2455
137330,Cube Quest,2457,2456
6205,Europe Engulfed: WWII European Theatre Block Game,2458,2457
12589,Ratzia,2459,2458
73,Show Manager,2460,2459
373667,House of Fado,2461,2460
316287,Quest,2462,2461
144529,Theseus: The Dark Orbit,2463,2462
1111,Taboo,2464,2463
12692,Gloom,2465,2464
144239,Impulse,2466,2465
285775,KeyForge: Worlds Collide,2467,2466
193739,Jórvík,2468,2467
17710,Conquest of the Empire,2469,2468
343322,EXIT: The Game – Advent Calendar: The Hunt for the Golden Book,2470,2469
292126,Excavation Earth,2471,2470
223049,Custom Heroes,2472,2471
187273,The Dresden Files Cooperative Card Game,2473,2472
335427,Wild: Serengeti,2474,2473
715,Escape from Colditz,2475,2474
392513,Mindbug: Beyond Eternity,2476,2475
311900,Votes for Women,2477,2476
205158,Codenames: Deep Undercover,2478,2477
169318,City of Spies: Estoril 1942,2479,2478
303051,Godzilla: Tokyo Clash,2480,2479
270143,Kōhaku,2481,2480
156496,March of the Ants,2482,2481
215312,Stop Thief!,2483,2482
7858,Ardennes '44: The Battle of the Bulge,2484,2483
142961,Thunderstone Advance: Numenera,2485,2484
275912,Rise & Fall,2486,2485
424816,Jungo,2487,2486
253635,Ragusa,2488,2487
128,Take it Easy!,2489,2488
40393,FITS,2490,2489
304847,Hidden Games Crime Scene: The New Haven Case,2491,2490
19526,Elasund: The First City,2492,2491
358800,Star Wars Villainous: Power of the Dark Side,2493,2492
317504,Mandala Stones,2494,2493
300192,Twilight Struggle: Red Sea – Conflict in the Horn of Africa,2495,2494
108018,Riichi Mahjong,2496,2495
153318,Dimension,2497,2496
65564,Hornet Leader: Carrier Air Operations,2498,2497
300930,Schotten Totten 2,2499,2498
71061,DungeonQuest (Third Edition),2500,2499
