username,row
Eternal_BB,0
JPder,1
tinybugprincess,2
scottcoody,3
JuliaBenova,4
vkd_castle,5
gbmorris,6
oberjt,7
tylermv07,8
Jobul_is_happy,9
DanZDK,10
joven11,11
penguinkim37,12
datefruit,13
jsect,14
Scythius1,15
aircastle,16
Biscotti,17
dontnickme,18
Lord_Baer,19
x_AMK_x,20
ultimoratio,21
jrhameister,22
scrooks,23
milkcalsium,24
multiks2389,25
radekebr,26
m_cichosz,27
ionas,28
Adjet76,29
Scifi66,30
Tim1995,31
zhdam99,32
stefon,33
controlledinsanity,34
sykano,35
khepriq,36
Lembaror,37
Rikdom,38
b31o412345,39
big stone,40
JasonSaastad,41
Kentchangar,42
tianxiaojuan,43
StalkerB,44
Boltana,45
Chertovski,46
jamespisanich,47
Viniciuszen,48
Darshaq,49
Frozen Flesh,50
janus23,51
Jumarik45,52
mxke,53
samlamiam,54
AkiraTatar,55
christhomas226,56
dysjunct,57
Erduplou,58
foolio82,59
Kenig,60
ManEatingHippo,61
tectactoe,62
Toesstal_Spielt,63
yuki352417682,64
EZBakeMicrowave,65
pzc_crash,66
14allor,67
Banemus,68
Caloypogi12301989,69
Dominik91,70
edsonpb,71
elminster41,72
farmergiles,73
gabrieln,74
himokl,75
Honung,76
ingedico,77
jrsquee,78
JwD42,79
larrydurbin,80
Nomorepiratedgame,81
nowhanda,82
okienko12345,83
Peepser,84
Rvd1ofakind,85
tlaraver,86
Wartrek,87
Falkar,88
MiGhTy_MojO,89
motoyugota,90
Baagism,91
Balthierr,92
davidjw,93
eagerbeaver,94
Esyhpe,95
evilkuz,96
gongdol,97
kofco,98
Maciej Krok,99
Maglinkinpark,100
MisplacedWorker,101
Nactra,102
Nathanield,103
nicfatto,104
Stevenhowell13,105
Theratcatcher,106
Venser,107
wangyanbo1994,108
WinterWind,109
AlexCastle,110
benleeph,111
blake_mc,112
danissimus,113
lainesko,114
Alantis,115
bankir1973,116
bernstein82,117
bijanajamlou,118
Elodie,119
gfish777,120
huyiuk,121
JiveMaster,122
kosherx,123
Lord EduCation,124
MAXedOUT,125
Mayasty,126
mdean,127
mrbass,128
Bario,129
bartol666,130
bnordeng,131
dexter258,132
Django94,133
DJWoodelf,134
donalan9,135
DovianBB,136
El_Shaddai,137
Fera_Nemora,138
gabroth,139
gerdeve,140
hke2912,141
Hoelscher33,142
jaketo1080,143
Janiboy97,144
jidar,145
keighleyrob,146
Lenamalave,147
leSheep,148
moearx,149
NeddyF,150
simenvdb,151
spelmaecker Fred,152
V3LiO,153
Vagabondo1974,154
virurenu,155
Wagshadow,156
Amorous,157
Beedun,158
beratoguz,159
Bigtomas,160
BlueSapphire,161
chrboesen,162
dreameroftheshore,163
dusko1234,164
Egfabt,165
EllenBaetens,166
Erook,167
FinnTroll,168
Fishmongers,169
freepotatoe,170
fromeroru,171
GaiaHero,172
gamerdoge,173
Giuseppe_D8,174
gizmobj,175
HamHam2000,176
hiba224j,177
iBud,178
jedirahl,179
jtrleone,180
Junpeii,181
Kingvarvar,182
klebinaldo,183
Kniaziu,184
kosterix,185
Linuspaulsson,186
luxlivery,187
marcelvdpol,188
nicholas29,189
nightwishpower,190
nraw,191
NsYooN,192
philgonzoles,193
pipina,194
properplay,195
Raland,196
rarce,197
remimi,198
resinken,199
RodZ,200
ryanjeonnn,201
Sadalsuud,202
subsrusnf,203
SYushen,204
TauruTian,205
tlinch24,206
Trunkss,207
TylerBruns,208
USSRocker,209
vincivader,210
xiahouyi021,211
zmartianov,212
zmmephisto,213
DanieF,214
Maneloblast,215
A2dn,216
advachiel,217
akiro317,218
ashtonabc,219
Baronts,220
bassplayern8,221
Bradcone,222
Carrothers,223
Casulo,224
cintain,225
City Hunter,226
derekyoung330,227
dickywinsome,228
DigDoja,229
djpardi,230
drummermark,231
EstherGuio,232
evrenoz,233
Fuzix,234
Ganondrf69,235
garcia_dw,236
gRamzel,237
HenryTheSecond,238
iamtheoneyouknowbest,239
IgneousIII,240
inkni,241
Inschebinsche,242
isaacr584,243
JadrankoYury,244
Johnnymaxx,245
JohnyWhatEver,246
JWBB1508,247
kimoKa,248
Kjao,249
LadyD81,250
Lecaro,251
leluhe,252
Loewe90,253
LomikPL,254
LordByron1973,255
Lugrom,256
Manyulara,257
markustay42,258
max_headroom,259
Monbibi,260
Morisato,261
mrlew507,262
Muaik87,263
nac696,264
Niniane,265
nwocge,266
nwongrat,267
Pan_Pablo,268
PiPCrew,269
Pjermsims,270
Ranta100,271
rbertol,272
rdeleon,273
Rhimbles,274
ryoga121,275
sanchoosang,276
SIriondel,277
slemay88,278
SoonthonsrimaP,279
Star Gazer,280
TanteTiffy,281
thegameplayer,282
thetba,283
tomcy,284
YodaWI,285
yodawis,286
Zoto0,287
Zteenberg,288
8bit Geezer,289
_Kenneth,290
abodden,291
alaemortis,292
andrebdf,293
Andrey12,294
anient,295
antheme,296
ArchdukeFranz,297
Ashcan__Pete,298
Aufdermarsh,299
Ayreon519,300
Babaroga90,301
BannKieMoon,302
bearn,303
bigmop,304
bobyams,305
Camy_1968,306
caoli,307
captain_Cold14,308
catjuggler,309
CJE1111,310
clartann,311
Cotlers,312
cyril720,313
Danzo,314
Dari Javaus,315
Darky86,316
DeviantMagick,317
disposable.superhero,318
diVianna,319
Doorak,320
Ebonscarab,321
Egberth2,322
Egwood,323
eldiosmene,324
Elephantpool,325
elgabster,326
Ephorus,327
esquiescence,328
evancheah,329
Ezren,330
fabric18,331
Fevin,332
Flaming_Soul,333
foofire,334
Fr0stEye,335
Freepotatoe2,336
Frode789,337
GarfieldKlon,338
gb2ty1,339
gibby290,340
gizmoo121,341
Glanzmuecke,342
gm416684729,343
goiraD,344
gonay,345
GSReis,346
gumbow,347
GuySamstag,348
HaasBioroid,349
hegeton,350
iamnsc,351
iKessel,352
inari7,353
ivanstancheff,354
JBCon,355
Jedit,356
Jellodog,357
JGHarber,358
jmsmith2434,359
JocaZ,360
JosepBusquet,361
JustAQuestion,362
jyh19930302,363
Kemearg,364
kiwiattack,365
kousen,366
krambis12,367
Kruah,368
ksmith78,369
Kw797979,370
larkspurln,371
LioVD,372
LuisAraujoKN,373
Lukito82,374
Malfurion,375
Maynardferguson,376
mikeinbc,377
mmueller03,378
nbanales,379
Neronus,380
Nilssonius,381
Nizzamko,382
Norcent,383
Normal_st,384
NormandyWept,385
nytwish,386
ogunil,387
Osprey,388
OverEngineered,389
P2KDE,390
Parkettwischer,391
PatlaborGao,392
pdruzik,393
Pebble1,394
Peter Loftus,395
piratemacfan,396
Preccs,397
rafatools,398
Railanbrandelero,399
rbrower,400
RCdragon,401
RealHerbman,402
Reikjavik,403
Rkr2020,404
RobGuilliman,405
Ryukhan,406
salane,407
SandorClegane,408
Sharikov,409
silentdante,410
Sir Jon,411
Stingrayy,412
storied,413
SwampIrish,414
sweetol,415
taragalinas,416
TerTer,417
TheEleventhLetter,418
tjh12345,419
ToZZ_,420
Tywilsn,421
Username20250806,422
Valcurdra,423
Verglas,424
VezzUka,425
Voidcaster,426
warmachine519,427
whyvlhebe1985,428
wolfshertz,429
yiorgolas,430
yujinnn,431
z371177175,432
zhps01,433
ZoidbergForPresident,434
zombocos,435
federik21,436
pitonowie,437
shizzane,438
alejandrovenezuela,439
art8969,440
bramvanloy,441
Hiax,442
villiman,443
aalastairr,444
akeane,445
Armorath,446
Aunya7,447
basement,448
basmas25,449
beelyte,450
bigchocolate69,451
bigflyer,452
blargo10,453
BrakeZ7,454
Brother Abe,455
Bubu63,456
byfed,457
Caligula8,458
canadude,459
CANAS1AN,460
carcamal86,461
Chapmaca7,462
Chlapak,463
cliffweissman,464
Coug,465
Cyzynski,466
Darkius,467
deckbuildgeek,468
Deep Chunk,469
DerPapaG,470
dimitriosalexis,471
dizzyl,472
DK_Majed,473
EchoWarden,474
eignatus,475
elfus,476
Emmdizzle24,477
ethanbg20,478
eunjolee79,479
feratreaty,480
Flenny,481
Fletchdizzle,482
foruiz,483
Gabrielex22,484
gandalfszalony,485
GassyHaggis,486
gaulamos,487
GCDani,488
ghosthack,489
gmassey,490
Gryffinn,491
Harroguk,492
Hask89,493
Hernanaparicio,494
Herzlos17,495
hReve,496
hybrid92,497
iBader,498
IRavk,499
jantrb,500
jcarvin,501
Jlc2,502
Jmcjacob,503
jocose,504
jogi,505
Jonas333,506
Jonash87,507
JosephVegaCR,508
jstoesz,509
JuicyJoe,510
Jville2434,511
kelpa,512
kimbelov,513
kururi,514
labalbi,515
LadyHannOi,516
lifao,517
LinkTheButler,518
Liquidoku,519
littlevikingsven,520
Lizzzles,521
LongTom,522
LordPerekles,523
m8ryx,524
mabenedi,525
masyan43,526
Max_Man,527
meowzhao,528
minnwaiyan,529
Miquel021,530
mjMacky,531
monkeysuncle,532
moses88,533
ndrqsd,534
Nemoxo89,535
nisimmo,536
nogud,537
ojaidave,538
OscarPetermann,539
panglossian,540
phankthusar,541
phil_pickering,542
PinkyGotSomeBrain,543
Plauschler,544
pmsumner,545
propane train,546
provinzio,547
RayinBGG,548
rdweesh,549
Rebecca Lancaster,550
ReiNore,551
Rilmo,552
Ronci,553
RoWei,554
ShogothX,555
sirrvantez,556
Skill,557
slimsidewinderjazz,558
SlyGuy1987,559
squale333,560
Src83,561
Srofol,562
Stal01,563
STP077,564
styxxx,565
t80u,566
Tegels34,567
TheDude1978,568
theFocusshift,569
thefrightenedcat,570
ThFabian,571
tobiasschenke,572
Toddzilla0713,573
Tondy_cz,574
Tranton,575
V3rmind,576
vidaldo,577
Wacko Santa,578
walkera,579
Waltersche,580
Zisa29,581
4757joshua2,582
aaron_roch,583
AbgalAzag,584
Abizaas,585
Abner Nirtzman,586
Abner1,587
Acevega,588
adventurefred1,589
alandric,590
Alen2,591
Alyssa Oolacile,592
anasxatzi,593
andersed,594
Andural69,595
angelonnog,596
AngryWeaseL,597
aniakl,598
Antorsom,599
Aran_Samus,600
aris_zhu,601
arthurcucumber,602
Artrinary,603
associated_mista,604
auron44ever,605
AuroraBC,606
Averel,607
azeem,608
bananajamslam,609
Barthi,610
bastiat,611
benkutcher,612
benny275,613
Bergonzoli,614
Berkmidg,615
BeyonRe,616
bg_nerub,617
binnet,618
Blake the Flake,619
blankmoses,620
BloodyMe,621
bmwrider,622
Bohrs,623
boing123,624
bongobry,625
bowlking,626
BranOkDrung,627
brobins6,628
Brookhavenn,629
buderix80,630
bunoc,631
Burmeister,632
Buszmanos,633
C3Gaming,634
Cavern_11,635
cayers,636
ccwccw,637
ChangoPerro,638
chaoticgood4life,639
CHAOZxf,640
chasalwa,641
Chicacici,642
Chrisboote,643
churchb3,644
Cmwest,645
coobe,646
copperdeath,647
CplPunishment,648
CristiQ,649
crobbins,650
cs4b4,651
ct183919,652
Daemonia,653
Daianegraziele,654
daiden,655
danamark,656
dansj882,657
DarthBoromir,658
Dasoogle,659
DearMrRoberson,660
Despermado,661
dethwing,662
DJBuro,663
DocUnseelie,664
Dogfreeman,665
Drielekke,666
drillSGT,667
Dsdjpofjs,668
dtmoney75,669
EcthelionH,670
Eiskalt,671
elamate,672
eleskanyar,673
Elgin Traal,674
enzobenzo72,675
Exkan,676
ExplodingSnail,677
eyermatt5683,678
familygaming,679
Fatkh,680
Fawkes,681
Fidocabron,682
fiorevita,683
firemage85,684
FlyNRyan,685
Fostrel,686
Frausky,687
ftrooper22,688
Fundle,689
furietto,690
FutureSpec,691
gabdewulf,692
Gabu88,693
Gaertner3031,694
gamer2024,695
geniusadam69,696
GheeGhee,697
GhostInside,698
Gibmaatsuki,699
gimmeataco,700
glutealgeometry,701
gradyisgreat,702
gragatrim,703
GrauGeist,704
Greyson,705
Grondy,706
Gsherray,707
Haeretiker,708
HannibalUltor,709
HansSolo,710
harkoning,711
hiimjosh,712
hiramjivago,713
hockeyking9,714
honk3d,715
Hruberen,716
igarra,717
IirionClaus,718
Infernotez,719
Ionlyeattoast,720
iPainter,721
ipgyst,722
Iron86,723
isaaczero,724
jarekrs,725
jasebbi,726
JazzPaladin,727
Jedo1,728
Jessy C,729
Jeyraq,730
jgundamh,731
jichimaru,732
jihoon9303,733
Joschi80,734
jp06,735
jurpque,736
justletmedownload22,737
JVKhoury,738
kainolagoni,739
kalkaid,740
Kayne02,741
keeganhayes,742
Kigerspirit,743
Kimball Bent,744
KinslayeR,745
Kirenx,746
kissgg,747
kniziagamer,748
kotgaf,749
kounabi22,750
Kurisu2fil,751
kyoysc,752
labsup,753
langschnabel,754
lapja,755
Lapsus,756
Lars84,757
Lautresault,758
Leech2999,759
LGould,760
LiegeOfInveracity,761
lillo1110,762
LilMC,763
littlebit,764
llanfan,765
Lostname,766
lou_mein,767
lucioduran,768
Luckie_lulu,769
Ludwig3366,770
Luke the Flaming,771
lukeDMP,772
Magusrex,773
Major_Payne_24x7,774
maqister,775
marciusfabiani,776
marcvg,777
Markus2000,778
Martyneusz,779
matteo_perin,780
matthiske,781
maverick444,782
Mazdie,783
MDWilson562,784
Mellekai,785
Meridas,786
meurogeek,787
mi_de,788
Michilele,789
Mikeus,790
Milkmanlamp,791
Minuano,792
Mmdkhn12,793
Molla4614,794
MossGrande,795
motaotie,796
Mr More Dakka,797
mrbunkers,798
mshr,799
Mullefox,800
Murdockus,801
Musuh,802
Muttah,803
MYKERAN1965,804
Myrmidion,805
myyysha,806
NackAtDaMaw,807
NadiaTrue,808
namdh0809,809
namle,810
Nastasy57,811
naykris,812
nebyeh7,813
Nicocolitho,814
NikonSnapper,815
noodle_man,816
NoSoup4you,817
nukethestars,818
oil3938,819
ojey,820
OzzyTGAP,821
pablo_espada,822
panmis,823
parpari,824
Paxete,825
Perssin,826
Petrakis,827
PetSven,828
Piterskii_Dmitrii,829
pkulczynski,830
Pololo7771,831
Polym,832
porousnapkin,833
posterchild21,834
Pozman,835
prolestellare,836
quietcorn,837
Raegoul,838
Rafail,839
Rafeekey,840
ravager,841
Re_Z,842
realjw,843
redradek,844
rei666,845
Rikki0508,846
Rokkr,847
rstites25,848
Saaam,849
saaruman,850
sareneFactorial,851
saroda,852
Sasha_80_,853
savuton,854
schiki,855
schnaeuf,856
Schroederek,857
sdkfz181,858
seedliu,859
serrats,860
shakaysloupe,861
shawnchilliard,862
ShogunPL,863
shuibaibai,864
SiarX,865
silvercharm10,866
Simon2308,867
Skacom,868
sloehand,869
snakeeer,870
sorentheborn,871
spaghettibolegdeh,872
Spartak1981,873
Speedwaysupporter,874
spettinik,875
spetz911,876
Spleen,877
St0ckpile,878
Starwiggly,879
stefcioo1331,880
str1anger,881
Sunnyfield,882
superginger,883
SwampYankee,884
Szzz,885
talexdavis,886
tasskaff,887
tclynch,888
Tegarend,889
temuwolverine,890
Terry_Yan,891
terrystad,892
the_pink_meeple,893
thed0n100,894
thenintendovirus,895
therealmilehighmagic,896
ThorinTheGreat,897
Timbo47,898
titing,899
toeybox,900
Tolio,901
tonichan,902
TOOMUCHGOOD,903
trevmex,904
trofinalexandru,905
tswider,906
tyk686999,907
tyura1213,908
uduhno,909
UFo11,910
ugobagna,911
ulricakk,912
unixboy23,913
uroboros9521,914
utahman06,915
Vasto4Lorde,916
ViruSo7,917
VladaVlaovich,918
volruspa,919
Vopaaz,920
Vulterin,921
w92viking,922
waferjuice,923
WalterLai,924
wankayee,925
waterborg,926
weidox,927
WendyandWill,928
Werbaer,929
Winterr3,930
WolandHead,931
Wolfe5,932
wolverine5523,933
woooo99,934
wpolka,935
yaguiu,936
yambab,937
YeaHrzOO,938
YinBro,939
zasizo,940
Zemogo,941
Zharik,942
ziomaloju,943
zlg2085,944
Zu_Mobius,945
Zyzzyvas,946
Akado,947
Alronnor,948
bartek_d,949
BoardGaymesJames,950
bowdy,951
cgarvie,952
chipmafia,953
Darkhan90,954
DarthRevan343,955
Ekibyo,956
Fredholm,957
furmani,958
hlorraine,959
lottysnake,960
Luds,961
mbphm,962
Milo59000,963
mmrmre71,964
Mortikal,965
NSlikster,966
Ranior,967
schmike,968
spencyrrh,969
stanczes,970
tbrofromspace,971
TheBeelzebuth,972
7xLisy,973
Aberdeen1977,974
AC86,975
ackerman17,976
adamdynris,977
addicted2deals,978
agent73,979
AgusMetz,980
Ahhhfreakout,981
Aldrax,982
alejanmesa,983
AlexRaptor,984
alfredoalencar,985
alidandy,986
AlissaC17,987
All0ne,988
Allthepointsblog,989
Altheis,990
AmadanNaBriona,991
ameestevens,992
anaconda_7,993
AndrewWillis77,994
AnetteP,995
AngharadC,996
Aninhanha,997
annsk8r,998
Anth_Grant,999
Apocalypse Dude,1000
ArgonArbiter,1001
arisep,1002
Arphillips,1003
arteannl,1004
Asaniz,1005
Astronomos,1006
Athor71,1007
Atlasholy8,1008
atomfeed,1009
Avalantis,1010
AwesomeOosh,1011
Azkargot,1012
balmy138,1013
Barbune Ice,1014
barcecruz,1015
Batmens,1016
Bazooka_Jay,1017
bcwhite27,1018
Beancrump,1019
Beauvandewardt,1020
Beefy79,1021
belindajayne,1022
BenedictOfAmber,1023
bennygui,1024
bggmatje,1025
bigred92,1026
billiboj,1027
Bismaly,1028
blarz311,1029
Blazena123,1030
Blind Reality,1031
BlindWo1f,1032
bobondi,1033
boron81,1034
BoxcarBuddha,1035
Breko002,1036
Brookstonfowler,1037
Bryyo003,1038
bsnyder788,1039
Bucefalo002,1040
bverstap,1041
Calidusc,1042
campanadave,1043
Capsi4,1044
carbohm,1045
Carlos81,1046
cattivocliente,1047
cdholmes,1048
CellarDoor,1049
chaac8,1050
Chevre,1051
chizmeeple,1052
Chopin86,1053
Choupetto,1054
chrapaszcz,1055
chrishorscroft,1056
ChrisTheToff,1057
chriswellis,1058
cj1582,1059
coborgen,1060
Coconut_Mousse,1061
colbyo14,1062
Conan_Barbarian,1063
Conanthebarbare,1064
Conanthepunctual,1065
crozzo,1066
crynyd,1067
cullyn1985,1068
dago120,1069
dahaka,1070
Daniel58693,1071
Dantenerosas,1072
Dark_Mirror,1073
DarthHenryAllen,1074
dastommygun,1075
dave442,1076
dcunited87,1077
DDEntertainment,1078
DearLampochka,1079
dehnis82,1080
DerickFaller,1081
devinvm,1082
di2g10,1083
DiggaDon,1084
DiggityDog,1085
dimirosselle,1086
dimpel,1087
DMFeanor,1088
DocDTA,1089
DogNiut,1090
DoomJim,1091
Double444,1092
doug5984,1093
dubepelli,1094
Duirin,1095
Dupthedodger,1096
Dykesry,1097
eddiemun,1098
edefuentes,1099
edgar_sbd,1100
edgarsargent,1101
Edy2012,1102
Egrim,1103
Eiellith,1104
El-ahrairah,1105
el_ultimo,1106
elangelccs,1107
Eldor76,1108
eldrich,1109
EllikTheren,1110
elotrojaime,1111
elrumbas,1112
Elvenslurpee,1113
endless nameless,1114
Eposanka,1115
eviepete,1116
Fafimastra,1117
fazeorange,1118
feanor2002,1119
fearles,1120
FFIISSCCHH,1121
Findrz3r,1122
Fjordek,1123
fluepp,1124
Fluji,1125
FMFF,1126
fredrikhh,1127
FreezenFire,1128
Freezo,1129
FrThDr,1130
Fukuro,1131
fulehung,1132
FunForEvery1,1133
Fusseymoore,1134
fuzzbuzz30,1135
Fyl 20,1136
Galvalao,1137
gangsterbach,1138
garci651,1139
gbrakss,1140
geared84,1141
Geneprio,1142
geofvb7,1143
geOKacher,1144
Georgia McCloud,1145
Gert12555,1146
glweston,1147
Goldfox64,1148
GoonerBB,1149
goxelotti,1150
greendog99,1151
grimai,1152
Growal,1153
Gutterkid,1154
gutterspud,1155
handful86,1156
HeavyD,1157
here comes bod,1158
herojuanma,1159
hodoliiiii,1160
Hogger,1161
Hunyock,1162
Hunzsiraf,1163
iain_moug,1164
icegubs,1165
Iftut,1166
Ignius_Flamig,1167
igramul,1168
ikarosheaven,1169
ilmarghe,1170
Ilmion,1171
ilPiolo,1172
Inglais,1173
InsomniacFL,1174
Irissa_s,1175
IronFeet_Miki,1176
Isaac_77,1177
isaacdeleon,1178
ivangsm,1179
jakester910,1180
Jallr,1181
JamesRiady,1182
Jarvis,1183
jasegaymer,1184
Javor,1185
jaykay97,1186
Jayswizzle69,1187
JBiggsjr7,1188
JCam30,1189
JensG,1190
jhonjahegu,1191
JLOVESSW,1192
Joaofbs,1193
johoohno,1194
Jose196807,1195
jsatel,1196
juancamag,1197
JuegoEgo,1198
Jwaltz001,1199
Kaibo44,1200
Kaik107,1201
Kamelota,1202
Karato4ek,1203
katfisch,1204
kecalix,1205
Kehmh,1206
keltaklo,1207
Keltonian,1208
Kenra,1209
kentonwhite,1210
KenW,1211
Kessa,1212
KevinHoverbeke,1213
kevla64,1214
Kfisch,1215
khermaszewski,1216
Killermangofruit,1217
killoqpasa,1218
KimchiTurtle,1219
KingDing,1220
KingOemmes,1221
KkingOSU,1222
KKPizza,1223
klf_nc,1224
korfu,1225
Kruppi,1226
Kumasama,1227
lacueva,1228
Lagnis,1229
lalulima,1230
landon1013,1231
Lankysi,1232
Larrryl,1233
larsoh,1234
Lavendel,1235
Lavis62,1236
Legobrains,1237
Leomar,1238
Les_Djinns_,1239
liamrobmac,1240
LightinMcQueen,1241
Linchpin,1242
LinkToDarkness,1243
Livdaoh,1244
LiverpoolYNWA,1245
Lolamars,1246
Lottor,1247
LuciusVorenus,1248
Ludde81,1249
lupecazaril,1250
luudva,1251
madvixeninabox,1252
maertenl,1253
Magallope,1254
maggeno1,1255
magicmarshall,1256
MagnaGara,1257
magnus1515,1258
MagRes,1259
magroader,1260
MandorOfSawall,1261
manissimus,1262
manylock,1263
Marctimmins89,1264
MarioRuetz,1265
marLONE,1266
Mars1234,1267
martis08,1268
marujinho,1269
Masternamer,1270
mateusz_,1271
matthew1980,1272
mattwood1221,1273
mbroui,1274
mbullynvk,1275
MdeMarty,1276
medpey77,1277
Meep_Lord,1278
MeepLady,1279
meimbatman,1280
Mekenzi,1281
MerrittMan71,1282
Meryrock,1283
Mhindimith,1284
Michlou,1285
Miguelpas,1286
mikelong91,1287
mikemar,1288
mikeyxote,1289
miljenko,1290
Millesime,1291
Mincewind,1292
MiroForti,1293
Mithrandir88,1294
Mixike,1295
Mizusano,1296
mjgklitsie,1297
MokoJoe,1298
Mokwai84,1299
Morgollie,1300
Mr Jummy,1301
mrboolf,1302
mrister,1303
MrYeti,1304
msubjenkins,1305
mufasa_92,1306
Mujikf,1307
N0DramaLlama,1308
nagulian,1309
Namydolem,1310
nater1045,1311
NathanEverett,1312
NCGreenGal,1313
Nchampou,1314
nekra6666,1315
Nemesis_Rex,1316
netfilterz,1317
Neugierskalle,1318
nick0d3mus,1319
NickFTFW,1320
nietendon,1321
Nilcraban,1322
Nin_ni,1323
noael,1324
noktus,1325
nowinskp,1326
Noxiss,1327
nunomendonca,1328
Nuttycomputer,1329
nwrex,1330
obelonzky,1331
Obiblion,1332
Obja,1333
Oleg91,1334
optmsprim2,1335
OrigamiGoblin,1336
Orvenwolf,1337
oskarmonk,1338
otroarlequin,1339
P3t3 th3 H3at,1340
painkiller,1341
papadjango,1342
PapaPolski,1343
PapaReally,1344
PappyGarcia,1345
parabolic,1346
paulrbolton,1347
paulyjones25,1348
pbice,1349
pencil1994,1350
Pepeloko,1351
pet78,1352
petresacrieru,1353
phillycheeeeez,1354
pikkuvarvas,1355
PolishNinja,1356
PotapoBob,1357
potatoaaa,1358
poypoyking,1359
ProtectorKorii,1360
Psychobob99,1361
Pyckle,1362
Qogcil,1363
quetzalt,1364
Rainerrr,1365
randerscheinung,1366
randomflashbang,1367
ratovan,1368
rbmuri,1369
rctf79,1370
Regwind,1371
RenaissanceMom,1372
Reynard0711,1373
RGMiller,1374
ritajesus,1375
Ritzelbertus,1376
rmartinc,1377
rockstar379,1378
RomanRoadie,1379
RomeroDedovsk,1380
Ronny444,1381
roscoerush,1382
rrr4,1383
Ruedi05,1384
Rufdungun,1385
RunarS,1386
RyTheByron,1387
Sacred7,1388
sagesaron,1389
SamRuts,1390
Sarefus,1391
SawyerHV,1392
scarmand,1393
Schmockerm,1394
Schumi74,1395
SebastBobaJones,1396
secretfool,1397
Semjon22,1398
SENS12,1399
serchenko,1400
seven_variants,1401
SgtCantamal,1402
Shiftian_Be,1403
Shiro_himura,1404
shootster,1405
SignifiedKaos,1406
Siladrem,1407
sineadk,1408
singlecolony,1409
sinuro,1410
sipols,1411
SirCadillac89,1412
skaar88,1413
skamudongo,1414
slaapgraag,1415
smeedear,1416
snoozefest,1417
snurp,1418
SoloGamingDad,1419
sorcretic,1420
spaison,1421
spongePepp,1422
Sredni Vashtar,1423
Stefan85GE,1424
Sternenfahrer-MUC,1425
Steve001,1426
Stircrazy,1427
stoxasths,1428
superhigi,1429
superproxy,1430
SuperTeeJ,1431
Swiftlv,1432
Sy_beria,1433
SynapticAcid,1434
T0mo,1435
Tamrielsays,1436
tebiccr,1437
tento14,1438
texvandoodoo,1439
Thallian Folmin,1440
Thebrad84,1441
TheColdLenny,1442
thedacker,1443
TheGrove_Matt,1444
TheLightdarker,1445
thEndCFS,1446
ThePharao,1447
theraven199,1448
thesinators,1449
Thlayli,1450
thorbot,1451
THPhoenix,1452
Tiberi,1453
Timbunn,1454
timmmd,1455
titan21,1456
tmh95,1457
Toffi85,1458
Tomasmorales78,1459
TomTodo,1460
Tomwitch32,1461
tontogamer,1462
TravNazT,1463
trevnotronik,1464
TrollBoroda,1465
tsugumo09,1466
TVRNutter,1467
tythis,1468
ungolyant,1469
Vigilante8,1470
vikman97,1471
Vilthuril,1472
vitorspade,1473
VodkaSkoda,1474
volltage,1475
vonGriff,1476
w_holeman,1477
Walker04,1478
Wannsindwirda,1479
Weatherlight,1480
webalex444,1481
Wildjagter,1482
Wildycard58,1483
wirsing,1484
witmasta,1485
Wjerewulf,1486
woiny,1487
Xardas17,1488
xlqt,1489
xobxela,1490
xqtipx,1491
Yesshh,1492
yote501,1493
Zalarneo,1494
Zariox,1495
Zenithsplendor,1496
Zer00verride,1497
Zodiac,1498
zosa,1499
Zumzju,1500
0201strong,1501
0hoHj,1502
3a_cccp,1503
4wallz,1504
549sd,1505
5mokus,1506
6element,1507
6mobius9,1508
778631,1509
7thsanctum,1510
82monika82,1511
8eagle,1512
a8347x,1513
Aaragoorn,1514
aaroncallaway,1515
Aaronw92,1516
aberlanas,1517
abicsab,1518
AbramsTank00,1519
AbruptCrescent,1520
acastner,1521
acerolaorion,1522
achegur,1523
achno,1524
Acido,1525
AcornD,1526
adawg85,1527
adesireg,1528
Adietk,1529
Adika88,1530
AdmiralCrunch,1531
adt977,1532
Adulazione,1533
aeln96,1534
aeneas75,1535
aeonphreak,1536
Aeren,1537
afer13,1538
agamidion,1539
Agendaludica,1540
Agondar,1541
Agregat_M5,1542
Agricola2018,1543
Ahasver,1544
Aimiejay,1545
Ainecrevette,1546
ajperez81,1547
ak310,1548
Akarashi,1549
Akiles Strike,1550
Akilina80,1551
akohlmann,1552
akstevens,1553
AladdinSane,1554
alam1000malam,1555
Alaryk,1556
Alastor40K,1557
Alb1979,1558
albinerhawk,1559
alecindro,1560
Aledark99,1561
Alepianista10,1562
alexandredavis,1563
alexd,1564
alexlm_89,1565
Alexonemillion,1566
alexreichline,1567
alfonsot,1568
alifaith10,1569
aliplaysalot,1570
Alique789,1571
alkemist,1572
Alkonyi,1573
allefant,1574
Alneoutron,1575
alphanumeic,1576
alueb82681,1577
AmandaDesignsGames,1578
ambul1,1579
ampoliros,1580
AmstradHero,1581
AnaMorty,1582
anddreyko,1583
Andlup,1584
andreluizrocha88,1585
AndresSmyth,1586
andromak,1587
Androziel,1588
andypander,1589
AndySinclair,1590
AnnaMaria_JP,1591
Annihalus,1592
AnthonyChollet,1593
antoniomena,1594
AntonioTheOld,1595
aplassard,1596
Apocallur,1597
apocatastasi,1598
Apocryphile,1599
apollak10,1600
APonce911,1601
appelezmoifleur,1602
applemooseboy,1603
apuity,1604
Aqualicy,1605
Aramath,1606
arcubal,1607
ArdaBektas,1608
ardashir,1609
Arggg,1610
arilla,1611
Arkeas,1612
arma666,1613
Arnar146,1614
ARPtttt,1615
ArthoNeil,1616
Arthur Dayne,1617
Artico,1618
Artymorty,1619
ArudaSevi,1620
aruom,1621
arzyanin,1622
AscendingSoul,1623
asfhgwt,1624
Asherdad,1625
ashes,1626
ashkai,1627
ashleybobal53,1628
asianpsycho,1629
asobu,1630
asphere9,1631
aspyksma,1632
ASSaali,1633
Assassine12,1634
assbinator,1635
AssySue,1636
astronaut70,1637
Astroyd,1638
ataman,1639
aTomm,1640
Atsam,1641
aubaine,1642
Auto520,1643
Avicheeta,1644
aviectus,1645
avishaih,1646
Axa_Paula,1647
axioms,1648
Aythem,1649
Azikin,1650
b4b8,1651
baah,1652
Baboonjuice,1653
Bachster,1654
Bad_Hors3,1655
badalchemy,1656
Badmojojojo,1657
Bagherra,1658
bagpuss,1659
bainewedlock,1660
bakerja,1661
Baldar538,1662
Balladeer,1663
Balti666,1664
BandarFHD,1665
Banker,1666
Bankler,1667
barbazul60,1668
barber,1669
bark,1670
Baron Frog,1671
Barticus88,1672
Baskey,1673
Basowillow,1674
Bauldric,1675
Bayard88,1676
bayerbube,1677
Bazanza11,1678
bazyliszek10000,1679
Bbelegurth,1680
bchlax944,1681
Be4tngU,1682
bealbrian,1683
BeansForTrade,1684
bear901704,1685
beardandglasses,1686
Beastly_Venturer,1687
beckythwaites,1688
beejamjam,1689
Beeny,1690
Beery,1691
Befefig,1692
beimingyouyu,1693
Belial666,1694
BelialSpain,1695
Belken,1696
beltira,1697
Bengazi,1698
benjilb,1699
Benoitl33,1700
Bensa,1701
Benzi Frenzi,1702
Benzombie,1703
beoms,1704
BeowulfZero,1705
beri2,1706
Berndus88,1707
Bertuccia,1708
BetaQuasi,1709
bevatron,1710
bfrizb,1711
bg_sage,1712
BGarrett66,1713
Bgarz06,1714
Bggmanipulanotas,1715
BGGmarketunethical,1716
biancio,1717
bichejote,1718
bielie,1719
bienne,1720
Big Bad Lex,1721
bigf00t,1722
bigharrymonkey,1723
BigMAc144,1724
bigmag173,1725
Bigshowfan,1726
Bilajz,1727
bilbo20033,1728
Bill_Door,1729
Billigmangler,1730
billr257,1731
billyloomis,1732
Birkebeiner,1733
biscuits409,1734
bishopxmxy,1735
biskitmagister,1736
Bisqp,1737
bitbow7,1738
bittelsworth,1739
bjnshannon,1740
bjostad,1741
bkasten,1742
Black Saint,1743
Black_Phoenix,1744
Blackoth,1745
BlackSerran,1746
Blackwaffle,1747
Bladeless,1748
Blaiter,1749
blakebos,1750
blaklyte,1751
bLeusher,1752
blksnk,1753
Blood mage,1754
Blue_ocean_,1755
BMamoru,1756
bmillerbwm,1757
Boarass,1758
BoardGameNerds,1759
boardgamesnebraska,1760
bobgabriels1,1761
BoboBelsinger,1762
bobobo185,1763
boglesby,1764
Bohnsen,1765
Bolaender,1766
Boombastix,1767
boomingsooner,1768
Boricuaengineer,1769
Borin655321,1770
Borzaska,1771
bouzza,1772
braderunnah,1773
BradleyConder,1774
BraxtonBragg,1775
brazwhazz,1776
Brettspielinfo,1777
BreYersFrom1979,1778
brh_sib,1779
briank1994,1780
Bridge83,1781
brightbluesky,1782
britchey,1783
Brius,1784
BrokenLinchpin,1785
BrokenNatural,1786
brouillarddeguerre,1787
brownsound,1788
Brunop,1789
brusazorzo,1790
Brutus1988,1791
BryanKromrey,1792
brydeemer,1793
bubaslon,1794
Bulbasore,1795
bulli,1796
Bumbusia,1797
bumpusth,1798
BunkerBill,1799
BunnyGer,1800
Burstame,1801
butik,1802
buzlightyear85,1803
Bvanlaak,1804
bwchensb0910,1805
Bye_on,1806
bytor153,1807
cabir balta,1808
CacheCache,1809
Cactokaur,1810
Cainayato,1811
calebguerrero,1812
CaliforniaWinterTime,1813
candoo,1814
Capashin,1815
capivarassj,1816
Capntallon,1817
Captain Boris,1818
Captain Murdercasket,1819
captainamazo,1820
CaptainRubbish,1821
captaintobs,1822
caric,1823
Carlcast,1824
Carlos Palomino,1825
CascadeHush,1826
cascadianski,1827
casedinlight,1828
cassacom,1829
casualcasual,1830
CasualSax,1831
catalleya,1832
catandave,1833
cauldronofevil,1834
CaveHinds,1835
cavernsandforests,1836
Cavinding,1837
ccccccccc,1838
Cecilio,1839
cenbrandt,1840
cetx,1841
cgrimes83,1842
changeling,1843
Chaosviper,1844
Chaps2k2,1845
charmed_0215,1846
Charras01,1847
Chee,1848
cheesesteak7,1849
chemicalroman,1850
chenyuyi,1851
Chibazkun,1852
chickenman,1853
chipNdip,1854
chipsSP,1855
chnhjn,1856
chrisjwmartin,1857
chrisoc13,1858
christobot,1859
chriswildes,1860
ChrisWWK,1861
Chronosone,1862
chuckberry,1863
chuft,1864
Churchhill,1865
Cilou69,1866
ciotirionut,1867
ciuppa,1868
CJ Gatsby,1869
ClassicsProf,1870
clefster,1871
Cleon666,1872
Clivelaw,1873
clloyd09,1874
cloudzheng,1875
clubber14,1876
cnaujok,1877
coffee2543,1878
ColinRule,1879
CombineCR,1880
CompuGlobalHyperMega,1881
con_noc,1882
conan51,1883
conan7631,1884
Conanross,1885
Conflict,1886
CongratulatoryWisdom,1887
conorfaolan,1888
Conquest23,1889
ConquestSavior77,1890
ConradGeneral,1891
CONSTANT1N3,1892
Constantinople,1893
cookersam,1894
cool1wow,1895
copcopps,1896
coralsaw,1897
Coreymccarten,1898
corgigeneral,1899
CorneliusTacitus,1900
Cowtippa,1901
coyotelaughs,1902
CozyFarm,1903
cptkory,1904
cpwxy,1905
Cr_nchy,1906
CraigRJ,1907
Creativenothing,1908
cricmate,1909
CrimsonFox,1910
crostino,1911
crow13,1912
crtrice,1913
Csokimenyet,1914
ctgbmoz,1915
CthulhuPL,1916
Cubeitz,1917
Cubesonamap,1918
Cucciolo84,1919
Cujrg5,1920
culfalmaion,1921
Cuprum,1922
cwonjk7936,1923
cyclone_90_ren,1924
cykelmannen,1925
cymric,1926
czuprynn7,1927
d3l10p,1928
da3mon,1929
Daarunia,1930
Daddy18,1931
daelhoof,1932
dalurk,1933
Dammen,1934
damons,1935
dancbruce,1936
danielvinzia,1937
dannte,1938
dannyboy3344,1939
DannyMuskens,1940
danutzianu95,1941
Danwarr,1942
Daotar,1943
dariog88,1944
Dark_Knight,1945
DarkAvatar,1946
DarkestKnightz,1947
Darklord2160,1948
Darkness999,1949
DarkQueenSara,1950
darth_qwerty,1951
DarthCuddlePants,1952
darthmol,1953
DasAlex1976,1954
Dash Justice,1955
datafok,1956
DatDudeTho,1957
datfadeaway,1958
Datharaur,1959
Dave108,1960
dave65tdh,1961
Dave_T84,1962
davedanger,1963
Daverackolamb,1964
David_711,1965
davidapugh,1966
davidbeep,1967
davidbis,1968
db44,1969
dbriel,1970
ddstur,1971
DeadFrog,1972
Deadgarret,1973
DeadpoolTheDuck,1974
deadpuppy20,1975
Death4ever,1976
deathmango,1977
debelbot,1978
deedw,1979
deeep,1980
DeepSkyWalker,1981
DeeVeeOeeDee,1982
defeldus,1983
DeGaulle,1984
delgard,1985
delli1977,1986
demainlesdauphins,1987
demianv,1988
demiesta,1989
Denarthis,1990
Denjo92,1991
Denniz,1992
Der_Rentner,1993
derbeherzte,1994
Derikari,1995
Deriox,1996
deschamp86,1997
desertwind,1998
DeshanGT,1999
Desigual,2000
devinlow,2001
dexter19,2002
dgjodon,2003
Dgore1,2004
diceguild,2005
didsapr,2006
Dilliard,2007
Dindimus,2008
dingelhopper,2009
diosmalos2010,2010
dipplestix,2011
Dirk08,2012
DirkDeBelg,2013
Dirtycasul,2014
distanceovertime,2015
Ditsea,2016
diukon,2017
Divcha,2018
Djebe,2019
djembelord,2020
Dlarrabee,2021
dmczyn,2022
dmen,2023
dmiloc420,2024
DNeerb,2025
DNobel,2026
dok33,2027
Dolchjokke,2028
Domi4,2029
domus_ludorum,2030
Donegal,2031
Donnin,2032
dontadow,2033
dorasama,2034
dorywalski,2035
dot1q88,2036
doug070564,2037
douvaria,2038
Dovi,2039
Dozito,2040
dprijadi,2041
dr_steve_dillon,2042
drago74,2043
DragonLotus,2044
Dramatheurgist,2045
DransonK,2046
Drasmussen,2047
drbasseri,2048
drbobjack,2049
DrDizzer,2050
drdlckcmbovr,2051
dreamcrawler,2052
drewtimmer,2053
drgnmstr44,2054
DrMaxRx,2055
drunkcrunkfranken,2056
drunkduck,2057
drunken physics,2058
DrWildcat,2059
DSAdixits,2060
dstair2002,2061
dstock,2062
dubhekun,2063
DubiousCraft,2064
DudeBE4R,2065
Duke_Muell,2066
DuneImperium,2067
Duneuprising,2068
Durotan97,2069
Duvodas,2070
dwskoog,2071
DylanP,2072
dziadekjoe,2073
Dziadko,2074
Eagles,2075
Eastmelon,2076
eblais01,2077
echephron,2078
Ed Sierpowski,2079
EDHuxt,2080
edilsoncs,2081
EdrenLimon,2082
eduardpop,2083
Eendenregen,2084
Egnielsen92,2085
Eguzki4,2086
EHngel,2087
Eightfingers,2088
eireenene,2089
ej3ae,2090
ejbates7,2091
ejones307,2092
El Rico Sanchez,2093
el_chucho,2094
elacyenwod,2095
Elanif,2096
elcyd85,2097
Elegia,2098
ElementEmo,2099
eleslie,2100
elestren,2101
elf123tao,2102
elfmizantrop,2103
elfsong,2104
Elgoindy,2105
Elisa1301,2106
elkabong,2107
elmagnifico,2108
elmonty,2109
emassot,2110
EminenceGrise88,2111
Emustryparen,2112
EmZee,2113
enkufka,2114
Enril,2115
ensentidohorario,2116
Entropology,2117
EnzoGorlami,2118
eomacedo,2119
equalizer101,2120
erewegoagain,2121
Erik,2122
Erik T.A.,2123
ermd,2124
erniemacmurray,2125
Errand Boy,2126
erucex,2127
Esasimo,2128
espel1ej,2129
esperare,2130
esquire468,2131
Eternaldecay,2132
etheric,2133
EugeneLiu49,2134
euphory,2135
Euroman,2136
euronoob,2137
Evalkos,2138
Evil_X,2139
evilcow,2140
eviljelloman,2141
Evron,2142
explodes,2143
explorador,2144
ExtraPeaty,2145
Eymerich68,2146
Ezel,2147
Ezyl,2148
f0urth,2149
f19971231,2150
fa1ataka,2151
fabsi95,2152
failedspirit,2153
famblyman,2154
Fanda,2155
farsidehobbes,2156
FastLoW,2157
fatcatmacbeth,2158
FatherIgnatius,2159
fatony612,2160
favelas,2161
Faven,2162
fenadoruk,2163
fengxiaojie,2164
ferengi4,2165
ferion,2166
Fernando_Miranda,2167
ferralferrets,2168
FFED,2169
Fidimar,2170
Fidosek,2171
fillette,2172
FilmSail,2173
fingerk4,2174
Fisher2k,2175
fives,2176
Fixed,2177
Fizbin44,2178
Fizeront,2179
flammifera,2180
Flekkzz,2181
Flexfulton,2182
floatingnose,2183
Floodmachine,2184
floogywoogy,2185
Floree,2186
Florik,2187
floyd_revolution,2188
Flozzarino,2189
flsrukufog,2190
FlyingD3,2191
FlyingPanzer,2192
fnsl,2193
Focuscoene,2194
Fojtu,2195
foolmounts,2196
ForcePulse,2197
foreverpd,2198
Forgeforgeforge,2199
foxmarks,2200
fpasquini,2201
Fragasnap,2202
Franelas,2203
Frangoz,2204
frankblack789,2205
frankexchange,2206
Frankiemac20,2207
Franky911,2208
Franz von Triest,2209
fred182951,2210
Fredrik83,2211
Frouvne,2212
fubuki04,2213
fuck814369776,2214
Fuzzel,2215
fynbo,2216
g2pro,2217
gain,2218
Galaxy135126,2219
Galecki1,2220
Galthorian,2221
Gamer33,2222
gamergoddess74,2223
GamerJeremy,2224
gameyspirits,2225
Gaming_Metal_DJ,2226
Gamiss,2227
Ganadai,2228
GarStazi,2229
Gartch,2230
Gavin12,2231
GBartolomeus,2232
GBMJack,2233
gdico72,2234
Gead,2235
geek13579,2236
geekinerd,2237
Geezer56,2238
Gemaskerde Muchacho,2239
geneberry,2240
GENEPOOL,2241
General Amadeus,2242
genji42002,2243
genya19,2244
geobaldi5,2245
GeoMan,2246
Gerbanator,2247
geschichte,2248
Gethar,2249
ghost95,2250
gidorah,2251
Gigantomachie,2252
GiGiF97,2253
gijoe250,2254
gillind,2255
giorgio87luglio,2256
giorgiopaco,2257
giovanna000,2258
GITSOL,2259
gittes,2260
gkizilis,2261
glaucobacchi,2262
glenfiddish,2263
Gliglipoff,2264
GlobalThinker,2265
gloryutd,2266
gmart98,2267
gnidub,2268
gnsl99,2269
Gnuarghl,2270
go9ma32,2271
GoddessInTriptych,2272
gokhan1735,2273
GolgariLeprechaun,2274
goofymushu,2275
Gorkil,2276
goserelin,2277
gosly,2278
GozzyBear,2279
grace_,2280
gradman2k3,2281
Greedful,2282
GreenMatter,2283
greenoliver,2284
Greenosaur,2285
Greensign,2286
greenzebra,2287
GregAlice,2288
gregburbidge,2289
GregDarcy,2290
greggre12288,2291
greghouse,2292
GregN_PL,2293
Gregol,2294
grembinni,2295
Gries,2296
Grimba,2297
Grindmal,2298
grinia,2299
grisMonkey,2300
grn222,2301
Gromov037,2302
Grossmutter,2303
gruescher,2304
GrumpyAhab,2305
Gruntowny,2306
Grzanek,2307
grzegorz2010,2308
GS in KS,2309
gtbjum,2310
GThreepwood,2311
Guantanamodelfuego,2312
Guardian95,2313
Guarlaon,2314
gugudwarf,2315
GuillaumeRicher,2316
GunLok,2317
gustav_henck,2318
gustave154,2319
gustov,2320
Guyinkgo,2321
guyl,2322
gw guy,2323
gyp casino,2324
H8Man,2325
Hadesrso,2326
hadz,2327
hafgrim,2328
halo2718,2329
HamsterGangster,2330
han79,2331
Hanso77,2332
hanvandenboogaart,2333
HappyDeath,2334
Harii,2335
harmengreven,2336
HaroldtheBarrel,2337
haroldthesixth,2338
Harry Bumnapper,2339
Hatamoto22,2340
hatemachine,2341
Hattori Hanzo,2342
hattorix,2343
Hawkeye1,2344
hcmacro,2345
headhunter1898,2346
heathandliz,2347
Hegiel,2348
helldrain,2349
HelpFromAbove,2350
HenryDrmwn,2351
Henryking2014,2352
heya,2353
Hgozilla,2354
high definition,2355
HighResBear,2356
hildrethjack73,2357
himcome,2358
Hineni17,2359
Hinmatt,2360
Hirocon,2361
hixpe,2362
HKH1367,2363
HMD79,2364
hofman1996,2365
Hojsn,2366
Holubchyk,2367
honeybang,2368
horrorofthedark,2369
HortonHearsAWho,2370
HossB86,2371
HotDogVampire,2372
houdinimachine,2373
houndf,2374
HouseOfPanda,2375
HouseofR,2376
Housticus,2377
hrimalf,2378
htony,2379
htwongah,2380
Huecheitor,2381
hugelbux,2382
Hugot032,2383
Hutchin,2384
hw97453,2385
hwkc,2386
hypnos,2387
hyssk2222,2388
iamtheiron,2389
ianchan0817,2390
ianne,2391
Icarus89,2392
IceBear520,2393
IceManEk,2394
Icybone,2395
Idahee,2396
ieskapieska,2397
ifiwasadog,2398
ignacj,2399
IHadACookie,2400
IHatePickUsername,2401
iiaen,2402
ijoaqi,2403
Ike13,2404
Iliota,2405
illegalprime,2406
Illotus,2407
IllustriousWing,2408
ilmiciomiao,2409
Imbram,2410
iMilazzo,2411
imoo,2412
imyourskribe,2413
Incanus,2414
Inconmon,2415
indubitably14,2416
Infernal Turtle,2417
InoriMogami,2418
Insomne,2419
IntegrationStation,2420
interestingkiwi,2421
Invadernike,2422
InvaderREN,2423
IOIXIOI,2424
Iron_Salamander,2425
Irondell,2426
Ironweed,2427
IShirley,2428
Issiriana,2429
Iteravio,2430
j76goatboy,2431
J_3MBG,2432
jabblesauce,2433
jabesly73,2434
JackBurton76,2435
jacques_za,2436
JakobLenz,2437
jallen283,2438
jamjams32,2439
Janasik,2440
jannadrina,2441
janolx,2442
JanSolo999,2443
jarratt,2444
jasmineirv,2445
jasoncarlough,2446
Jasonlin778,2447
Jassco,2448
javelin98,2449
Jawaswag,2450
Jawshoeaw1,2451
Jaynor05,2452
jazznguyen,2453
Jazzuu,2454
jb78580,2455
Jbkennedy,2456
jcaruso001,2457
jcdenton2,2458
jcgirod,2459
Jdcnl,2460
jdellutro4,2461
JDLOW,2462
jdubski,2463
jean27,2464
Jeanditpasplus,2465
jeaneroth,2466
jeanneboppers,2467
Jeemusuj,2468
Jeffrey Henning,2469
Jemmi,2470
jennferlee,2471
Jerald8,2472
Jerapa,2473
jerdol,2474
JeromeAndHisHair,2475
jerrysoft,2476
Jess_the_gamer,2477
JESUSisCHRIST,2478
jevver,2479
jfkziegler,2480
jgbaxter,2481
JGRno5,2482
jhonalpha,2483
Jiggle Miser,2484
Jim_Preston,2485
Jim_the_Collector,2486
jimbojimjim2,2487
jimmyhathaway,2488
JimmyTwoHands,2489
JiMRoFF,2490
jimterr,2491
jindong,2492
Jippy2982,2493
Jirot,2494
Jitter,2495
Jizzard,2496
JKidder,2497
jlchacon,2498
jmangus,2499
jmarkmoss00,2500
JMTrans,2501
jnsuiter,2502
Joaof,2503
jobirnbaum,2504
jodokast4,2505
Joel_L,2506
Joellenbecker,2507
joelmiller2002,2508
joera3,2509
Joerg_S,2510
JoeSteadman,2511
joetheenjoyer,2512
Jogadora,2513
Johan10,2514
Johan_Kriki,2515
JohanBenvenuto,2516
johannesschwarz,2517
JohnHBiedenkapp,2518
Johnnycon7,2519
JohnnytheSkin,2520
johnnytruant,2521
joker512,2522
Jomanto,2523
Jonahucsb,2524
JorgeMD,2525
JosephQ,2526
JoshJ233,2527
JoshuaAcosta,2528
Jossjack,2529
JouerFr29,2530
Joystick_23,2531
jpaskett,2532
Jpear,2533
jpj2,2534
jpohlcat,2535
jqh928,2536
Jred139,2537
jsawing,2538
juanmijaen,2539
juansanchez,2540
juleshawthorne,2541
julia_gulia,2542
June02,2543
juriel1,2544
Just Plastic,2545
Justicex75,2546
Justin1923,2547
JustinRRizzo,2548
justonescarf,2549
jutstrab,2550
Jyabura,2551
Jzdawson,2552
K0rthar,2553
Kahlraxin,2554
kahy,2555
Kainsraziel,2556
Kamog,2557
kamome100,2558
kamtru72,2559
kangroove,2560
Kanino,2561
Kanip,2562
KAR42,2563
karan6259,2564
Karbonat,2565
kareds,2566
Karl_,2567
karnak__,2568
KaSaKakaDemola,2569
kathench,2570
Katzenkraft,2571
KazOshay,2572
KBowz,2573
kdiebold8715,2574
kdoglol,2575
keboardgames,2576
keesey,2577
KeileukeKristel,2578
kelberkelber,2579
kelbirk,2580
Keleno,2581
Kelteel,2582
kenjivich,2583
kennethhdw,2584
KenToad,2585
kentssi,2586
kermitoos,2587
ketzer0815,2588
khalalide,2589
khamulhawkbat,2590
khan33,2591
Khrysto,2592
Kickbut101,2593
kienzle,2594
kilivor,2595
killakanman,2596
killmasterr,2597
Kilomed,2598
kimmychuu,2599
King Nate,2600
KingAnus3,2601
KingMePlease,2602
kingmerrygold,2603
kingplayer14,2604
Kingsoby1,2605
Kinjeiro,2606
Kinkin,2607
kirillsulim,2608
kirkusmaximus,2609
kittykat27,2610
Kiviak,2611
kkjkkj102,2612
Kkouet,2613
klaital,2614
kleedrac,2615
koalaguy4566,2616
KoalifiedGames,2617
koflo1,2618
Kolitar,2619
kolvorok,2620
Komerad,2621
konors,2622
koosmar,2623
korneone,2624
kornfee,2625
kowalskie,2626
KozaK69,2627
kraasn,2628
Kralizec,2629
kravets,2630
Krimt,2631
krivalis,2632
Kryron,2633
Ksavers,2634
ksumner00,2635
Ktoloday,2636
KubaL02,2637
Kudis,2638
kuglerix,2639
kuhrusty,2640
kuper,2641
Kushu,2642
Kvonville,2643
kwojtasz,2644
kydaria,2645
Kyia,2646
Kyle97330,2647
kystas,2648
l111,2649
la_popoo,2650
LaborLawLarry,2651
lajlev,2652
lakish,2653
LAL_Champion,2654
lalo_Gx17,2655
LancerHyena,2656
LandonWinkler,2657
Lanoli,2658
Lantes,2659
Larderon,2660
larvanvoris,2661
LatvianStumpy,2662
Lauchzwiebel,2663
laurenfe,2664
LaurenV,2665
Lawster,2666
LaytforLife,2667
LBO93,2668
le_asmo,2669
LeandroCognasso,2670
LeBao,2671
LeBon,2672
Lecithin,2673
lee elektrik,2674
LeeKenshin,2675
leesmitty51,2676
Legion of DOOM,2677
LeHavreFanatic99,2678
leisenstein,2679
LeLudenne,2680
lemonalien,2681
Leondrago,2682
Leonidas63,2683
Lesko,2684
LessThanHero42,2685
Letinka,2686
Levydrogo,2687
LewinBGF,2688
lewix,2689
Leyart,2690
li155303893,2691
LibbyMcCulla,2692
Libster,2693
Ligeti_Grieg,2694
LightBlack,2695
Lightfootloose,2696
Lighthorse6,2697
lindaeagle,2698
lionheart,2699
liorshapira,2700
LisaWyns,2701
lisiy50,2702
littlechandler,2703
Lividentity,2704
ljtrigirl,2705
ljxngift,2706
Llyrm,2707
lomolzzll,2708
LondonerinAntwerp,2709
LoneVik,2710
lord_erkenbrand,2711
lordalatar,2712
LordEisenfaust,2713
LordSierra,2714
Lordstrategos777,2715
LordYazos,2716
Losangles,2717
lospadros,2718
Lossentur,2719
lost_boy,2720
lostrikis,2721
LouiseNL,2722
LoveGodZiming,2723
Lowpass,2724
lpcheng,2725
lsamadi,2726
lschlesser,2727
LucasTrask,2728
LudikMum,2729
LudoGatineau,2730
ludwig8484,2731
Luiz Mituiti,2732
Luk Van Baelen,2733
lunamare,2734
Lunaticzouzouna,2735
LuTennant,2736
lynx1998,2737
lyxhope,2738
M0nkeystar,2739
M_le_maudit,2740
mac93,2741
MacBeth,2742
MaccKenny,2743
machiavelli,2744
maciek1211,2745
Mad Archeologist,2746
Mad_Gab,2747
Maersk29,2748
Maestro86,2749
Maftiosi,2750
MageFall,2751
Mageknight12,2752
magicalgamer,2753
Magnet Boy,2754
magyarsatan,2755
makaveli172,2756
makise,2757
Malelo96,2758
Malgrin,2759
malzaman,2760
Mandurang,2761
Mangelk,2762
manjbc,2763
MannerPots,2764
manolovila,2765
mansnothot,2766
Manzaa,2767
Mar2828,2768
Maramasa,2769
maratha,2770
marbleharryj,2771
marcio,2772
MarcoAuLo,2773
marcoB,2774
marcodegoede,2775
marcopac74,2776
Marcsalty,2777
marcuslind1,2778
margs080,2779
markhelton,2780
MarkNY8,2781
markusams,2782
markveerman,2783
marmor84,2784
Martinezijd,2785
Marty S,2786
marvac,2787
Mas411376,2788
Masaren,2789
Masha_13,2790
MasKeRaiD,2791
Masnonet,2792
Mastergame82,2793
MasterTouan,2794
mattandJulie,2795
mattbullock,2796
Matthew Bower,2797
MatthewJohnsonApps,2798
Matthieub,2799
MattNManda,2800
mattns,2801
mauigreen,2802
mauuroo,2803
maxcorwyn,2804
Maxfish,2805
maxocchi,2806
MaxP1977,2807
Maxquick,2808
mbooker,2809
mckeon13,2810
Mckrakalaka,2811
mcloud357,2812
mcsid,2813
Meat_Tornado,2814
Medvick,2815
MegaHamster,2816
Meggytastisch,2817
Mekhi88,2818
Melkor101,2819
Melliarc,2820
Memento_vivere,2821
Memnite,2822
Memnochbr,2823
mendfornd,2824
MenendezdeAviles,2825
Mentionables,2826
Merrickbr,2827
mertnuhuz,2828
mesenius,2829
mespendez,2830
Metis,2831
Metzas,2832
mfigge,2833
mgoshorn,2834
Mh_rz,2835
MiB_Agent1213,2836
micamouse,2837
Micha,2838
Michael Ward,2839
michalb7,2840
Michellian,2841
Mick T,2842
MickMan,2843
mido1421,2844
miguelo,2845
Miir,2846
Mike George,2847
mikemcdasl,2848
mikeyscifi,2849
MilenaGilles,2850
millerb20,2851
millergodbehere,2852
Millet,2853
Miltiplayer,2854
Minic00p,2855
minnesota84,2856
Minsc1610,2857
mirathil,2858
MissinLuck,2859
mistermarino,2860
Mistermelo,2861
Mistersims,2862
misterw,2863
mistybush,2864
Mitchuation,2865
mjohn94,2866
MK-Ultra71,2867
mlokm,2868
Mobbygra,2869
mocklob,2870
mogcaiz,2871
mokujin141,2872
moleu,2873
MollyMae,2874
mondscheiner,2875
Monkeydlu,2876
MonkeyKnifeFight,2877
Monty1979,2878
MooDengGang4Lyfe,2879
moodulator,2880
Mooesio,2881
Moonerium_Boardgame,2882
MorelliBuendia,2883
Moria476,2884
MoroccoMoleCarpal,2885
Mortazel,2886
MortyCZ,2887
Mosef,2888
MotherMary,2889
Mr Andy,2890
Mr navet,2891
Mr Strange,2892
Mr_Pooorc,2893
mr_will,2894
MR_XxX,2895
mrchristopher01,2896
mrdisco102,2897
MrDobalina,2898
mrfillibuster,2899
mrjadaml,2900
MRplayerRP,2901
MrPretty,2902
MrRadikal,2903
MrSelkies,2904
MrsGriever,2905
mthauth,2906
murphzone,2907
Murraculous,2908
MusashiDaryl,2909
Mushmo,2910
MuunkeyBrains,2911
mvirion,2912
mvodanovic,2913
mxt305,2914
Mykola_Ku,2915
Mylan9,2916
Myrmidian,2917
mystickyshoe,2918
Nabla_1981,2919
nachimu,2920
naiya_i,2921
nandastone,2922
nandato,2923
naomielizak,2924
napier1,2925
Natalaya,2926
naturally,2927
nawhki,2928
Nealegam,2929
nebu2381,2930
Negarville,2931
Neilyoung,2932
nekrodamus,2933
Nematic28,2934
NemoG,2935
Nemoooo,2936
NeoBandit,2937
nephralite,2938
nerotora,2939
NessiG,2940
Nettie_Efremova,2941
never_play_with_gray,2942
Niakaitan,2943
Nichsdn81,2944
Nick Morgan,2945
Nick MTL,2946
nickjhay,2947
Nicolas Weiss,2948
NicoW,2949
niente17,2950
nightfend,2951
nightmarizm,2952
Nijoth,2953
Nikola,2954
Nikoms,2955
nimiralism,2956
Ninergamer,2957
nineunderground,2958
Ninjadk,2959
ninjadorg,2960
nittayka,2961
njr5,2962
noadiah,2963
noddingoff,2964
Noel_Gibbs,2965
nolle,2966
NoriuValgyt,2967
noxeor,2968
NPCAaron,2969
Nreek,2970
Nrgrushap,2971
nsabo51,2972
nT___Ts,2973
nthbc,2974
NullSpace,2975
nullus_deus,2976
nupul,2977
nurkhaj,2978
nuvolablu,2979
nwoninja,2980
nybba,2981
nyrdug,2982
ObiJuankenob,2983
Ocealou,2984
Oddipus,2985
Odzi83,2986
okstatefan5945,2987
Okuninushi,2988
Olagarro,2989
olavf,2990
OlavRokne,2991
Oldbonzor,2992
oldboyhc,2993
OldCastles,2994
oldskoolgeek999,2995
OlegKlishin,2996
olesku_pl,2997
Olivernob,2998
Olivewolf1992,2999
olivier78860,3000
oliviers13,3001
olliundjan,3002
Olorin101,3003
olymacfoogal,3004
Omega2064,3005
omnipotence101,3006
onbewust,3007
Oninohugo,3008
onlyanothernsong,3009
oppenheimer,3010
orangeaeronaut,3011
Orbesteanu,3012
OrcBobsledTeam,3013
Orkbelix,3014
ornicar,3015
Oronia,3016
Orthodox,3017
oso170,3018
ospinacas,3019
otaaffe,3020
Oxalis,3021
Ozlo,3022
p00q,3023
pabetefaja,3024
paguro beffardo,3025
paiddrifter,3026
Paikea,3027
paladininja,3028
pan76ms12,3029
panbubo,3030
Panda1104,3031
pandacmu,3032
pandel,3033
Pandemfan,3034
pandoro12,3035
Pandorzecza,3036
Panffann,3037
Pantnoire,3038
Pantuflas79,3039
Papavercea,3040
ParaBGG,3041
Parham_pm,3042
Parmemnon,3043
Pas0,3044
Pasadontohse,3045
passiq,3046
patka300,3047
Patrelia,3048
PatrickoftheIsles,3049
pattonre,3050
Patwick,3051
paulclarke339,3052
paulsecond,3053
Pbl10,3054
pduclos,3055
Peatamclub,3056
peltazoid,3057
Penfan,3058
penguinclaptrap,3059
Perazzi,3060
perogiepizza,3061
perry555,3062
PestLee,3063
petan65,3064
PeteGerasia,3065
peterandersson,3066
PeterN,3067
PeterStegemann,3068
petitefleurdorr,3069
petitzombi,3070
PexiKexi,3071
phantomkid2,3072
phenixyt,3073
Philemonism,3074
Phillsters,3075
Philman0,3076
phneix90,3077
PhucNg,3078
pickboy87,3079
Pineapplefringe,3080
Pink Horror,3081
piranhapig,3082
Pjt890,3083
PK1988,3084
plagio,3085
planeterb,3086
PlatinumOh,3087
platypious,3088
pleroph,3089
Plughead,3090
poifpoif,3091
PolarDad,3092
Polgara21,3093
polyhedral,3094
pompopai,3095
ponderfly,3096
PoppaBearZ,3097
PotatoOmelette,3098
powerwis,3099
Premek_cz,3100
princedetenebres,3101
Pseudoscorpion,3102
psitank,3103
PsyToXX,3104
PTN19,3105
Pukacho,3106
pulla,3107
Pumpkinhead76,3108
Puntaxgb,3109
PunTheHun,3110
pupykises,3111
purple123,3112
pvtparts,3113
pyaeen,3114
PyroBlue,3115
pzoblisein,3116
Q6Varna,3117
qjtmrjf,3118
qreqorek,3119
qtzlboardgamer,3120
Quathra,3121
Queric,3122
quincys,3123
Quintious,3124
Qwampa,3125
R4GN4RR0X,3126
R_J_,3127
Rabbits,3128
rabid_schnauzer,3129
Radaniel,3130
Radrart,3131
rafa_str,3132
rafci80,3133
Rag136,3134
ragozd,3135
raimps,3136
RainbowRocky,3137
rainyl,3138
Raiyfe,3139
rajonrondo9,3140
RaLau,3141
ralsscorpio45,3142
rami_,3143
RandaPrince,3144
Ranged Knight,3145
Ranker,3146
RatherDashingIL,3147
raulduke51,3148
Raveler,3149
RaymanY,3150
RaySwan,3151
rayzg,3152
Razcar,3153
rckftw,3154
rckrnfntsy,3155
rcog,3156
RConsonni,3157
realfist,3158
realityfoible,3159
Recycledon,3160
RedGallus,3161
RedHeretic,3162
Reef3,3163
ReggieDunlop,3164
Registrau,3165
Reinn22,3166
ReishiYokomori,3167
relfy,3168
remco82,3169
rentboy,3170
resin122,3171
Retrogamer64,3172
Revacholian,3173
rexhaha,3174
rhora12,3175
rhyen,3176
ricarduscat,3177
rick3623,3178
ridogi,3179
rifi,3180
Riggormortis,3181
Riggster,3182
Rigidigi,3183
Rihusu,3184
Rijks71,3185
Rimsky,3186
riotwolf,3187
RipperHAX,3188
ripresa,3189
Rliyen,3190
Rlyslow,3191
Rnghwdbcs,3192
ROADRUNN3R,3193
robbdaman,3194
RobbJaster,3195
RobinZh,3196
robsteady,3197
robvw,3198
rockbe,3199
RodimusPrime,3200
RodKabuto,3201
rodrigobrim,3202
rodrigoespada,3203
RoedGroed91,3204
roger_sitek,3205
RogerDHyman,3206
RollPatrol,3207
roman217,3208
Rombie,3209
romey301,3210
ronin4740,3211
Ropeh,3212
rorshaq,3213
Rosi32168,3214
rot_katze,3215
RotGesetz,3216
Rothana,3217
rotom55,3218
RoundTableGames,3219
royno7,3220
rpatton,3221
Rschlutz,3222
rshipley,3223
rsolmes,3224
rtcodo,3225
Rubcar91,3226
RubenAniorte,3227
rulezfin,3228
rustyskills,3229
RWCaloia,3230
ryan2j,3231
Ryanmathis07,3232
ryousuke,3233
ryushin95,3234
Ryuu,3235
s3riousbastard,3236
s88060502,3237
SA45XD,3238
saabee,3239
Saaur_,3240
Sabindafigaro,3241
SabrinaUBerni,3242
saeidka69,3243
safety pin,3244
sahilrhapar,3245
Saintcloud,3246
Saji_loupgarou,3247
Salomea,3248
samoot,3249
samuel718,3250
sancmat,3251
sander1989,3252
Sansual,3253
saranemeth,3254
Sarmatian,3255
Sas8Jo,3256
Savage_Collection,3257
Savannah93,3258
savedbygrace1521,3259
sayden,3260
sbconstant,3261
sberends,3262
scandnavik,3263
Schiefi,3264
Schmusie1980,3265
Schwarz_Bruder,3266
Scifi362,3267
scifiantihero,3268
SCOBYBryant,3269
scordo13,3270
sctape,3271
Scytale82,3272
sdh0305,3273
SDmitry,3274
seabreezesg1,3275
SebastianZp,3276
Sebek1987,3277
SebWilder,3278
secondofthenew,3279
Sejanus,3280
seluco,3281
selvalabelva,3282
sensenity,3283
serafin1,3284
SeriousScribbler,3285
SerJorah,3286
SethroTall,3287
setropo,3288
sgbarros,3289
Sh0rtz,3290
Shadax,3291
Shadenium,3292
Shagrat555,3293
shalamanser,3294
shattenjager,3295
shawnmackay1593,3296
shayan_mv,3297
Sheltem,3298
shenliyihaoshuai,3299
shift66,3300
Shiftyfive,3301
Shikamaru,3302
shilinski,3303
Shindee,3304
ShiroeHiiragi,3305
shkutkov,3306
Shleprock,3307
shobas,3308
Shooock,3309
ShoupaTroopa,3310
showoo9,3311
shragaman,3312
Siarkmic,3313
Sibachian,3314
SICARIUS92,3315
sighlance,3316
sillywilly4,3317
Silver Avocado,3318
silversurfer4980,3319
silverumbro,3320
Simon Mueller,3321
Simon_Milburn,3322
simone007,3323
simonovkm,3324
Simple_clockwork,3325
simplytherob,3326
Simpsqo,3327
SimRock,3328
singlefate,3329
Sinrain,3330
Sir Pent,3331
Sir Ulric,3332
sircaradoc,3333
sirebelle,3334
sisteray,3335
Siterath,3336
sjhvdm,3337
Sk8orpaint,3338
skars,3339
skeil,3340
skipsizemore,3341
skoscisty,3342
skywhalecommando,3343
slamneale,3344
SlavGun,3345
slavrut,3346
Slawek_Cz,3347
SlayerG212,3348
slickerdrips,3349
SlikkRikk,3350
sly79,3351
Smaointe,3352
smittst,3353
Smokalotapotamus,3354
Snacky22,3355
Snaki,3356
Snapper67,3357
SnaxHeadroom,3358
Sneedy65,3359
snegr,3360
snezni,3361
Snoogans79,3362
Snoosage,3363
snowchamp,3364
Snowjedi6,3365
sntgba,3366
socialsnacker,3367
Soeverein,3368
soledk,3369
solidearth,3370
song3356,3371
soulhunter222,3372
soy1bonus,3373
Spawel666,3374
spieldichein,3375
Spiff,3376
spikes,3377
SpiritChef,3378
Spitlock,3379
splat0169,3380
Spyzor,3381
Squdler,3382
SrFinn,3383
srieppo,3384
Stagebari,3385
standing moai,3386
Stankiem,3387
Starbloom,3388
Stasis1977,3389
stationtracks,3390
StefanH87,3391
steggy,3392
sten77380,3393
SteoanK,3394
stephenstover,3395
StercusCaput,3396
steteo,3397
stevejuggler,3398
stlgamergirl,3399
Stoicgame,3400
stoler,3401
stormbirdd,3402
Stormquiver,3403
stowfords,3404
Str1b0g,3405
Straw Dawg,3406
Streetz,3407
stridervc,3408
StrznSpock4ever,3409
StubbornElf,3410
Stumpton,3411
StuStuCachoo,3412
Sucrek,3413
Sujily,3414
Sully4071,3415
sumo,3416
sungwoo008,3417
SunNightScythe,3418
SunTzuGames,3419
Superbarab,3420
Superjuiiice,3421
SuSaBoi,3422
SushiMooshi,3423
Sussybakaowain,3424
suufo,3425
svetabodapati,3426
SVierling,3427
Svin_Diesel,3428
Svkirk,3429
swicklund,3430
SwissQueso,3431
SwNoller01,3432
sybrwookie,3433
SYGF,3434
Syssim,3435
Szmoli,3436
TacticalDragon,3437
taelinn,3438
takotokozani,3439
talonnolan,3440
Tanashi,3441
TangGovernment,3442
Tania_Larina,3443
tankpt,3444
Tanori,3445
TaquitoBandito,3446
Tatanka778,3447
Tayma,3448
Technon,3449
tel999,3450
terKo,3451
Terminizor,3452
Terpzmaster,3453
terraform,3454
TertiaVigilia,3455
Tetsam,3456
TFGamer,3457
thadrine,3458
Thanquil,3459
Thatsnotme,3460
thatspyguy,3461
The Great White,3462
The Iron Fox,3463
The Screaming Brain,3464
the_av8r,3465
The_Bored_Boardgamer,3466
The_Mana_Leek,3467
theagricolan,3468
TheBosZ,3469
thebred,3470
TheCaribou,3471
TheCookieCats,3472
thecorsetmaker,3473
theCrabbyDice,3474
TheEnt,3475
thefors,3476
theindigoprime,3477
TheNewblar,3478
Theodis,3479
TheOtherKB,3480
therealcause,3481
thereck,3482
TheRedMeeple,3483
TheResistance,3484
TheRoyalPieMaker,3485
TheShays,3486
thestripelesstiger,3487
TheStroy,3488
TheSwoleNerd,3489
Thomas Beach,3490
ThomaZ930,3491
Thorello,3492
thorhispano,3493
Thorin81,3494
thptr,3495
thrasymedes,3496
throwawaykotl,3497
thrx,3498
TichiHuichi,3499
Tiellet,3500
tienzee,3501
tierdal,3502
tigermuppetcut,3503
tilouboy,3504
tim3classik,3505
Tim_park,3506
Timaoh,3507
timeodanaos,3508
timmster49,3509
Timosil,3510
TimTimTimTim,3511
Tjaball,3512
Tjlovebg,3513
tlo75,3514
tlorow,3515
toguopp,3516
Tokhuah,3517
TolkienFan3,3518
tols_banon,3519
tomaszb69,3520
TomKat87,3521
tomlub,3522
Tomtom3989,3523
Tonydataco,3524
toobuy,3525
toothygrim,3526
topBGG,3527
tophatg,3528
Torrek,3529
Tostapane,3530
Toughjax,3531
tranmaithang,3532
treaty,3533
Trebuh,3534
Treelady,3535
triangleforces,3536
Tricen,3537
Triggersten,3538
Trilfer,3539
trim9001,3540
TristanMuntsinger,3541
Trochosa Ruricola,3542
Tron933,3543
TronTheKhan,3544
TroubledSpirit,3545
troylow,3546
TroyNyne,3547
Truk,3548
TrumperTroy,3549
TrunII,3550
tscox87,3551
tsundoku310,3552
tuai,3553
tukmat,3554
TumbleSteak,3555
Turbine2k5,3556
turbotix,3557
turtle_hat,3558
twoflo,3559
TwoTowels,3560
tycho00,3561
Tyybean,3562
tzartomi,3563
uf0mammut,3564
UglukTheElder,3565
ukmatt78,3566
umweber5,3567
UnalignedMagi,3568
Ungalor,3569
Unholy Lizard,3570
Univanger,3571
UniversalWaite,3572
UnluckiestCat,3573
unprinted,3574
USB Connector,3575
Usbert,3576
UtileDulci,3577
utilitar,3578
UtterMarcus,3579
Uvatha the horseman,3580
Val42,3581
valenski,3582
valeria_tommo1,3583
Valk,3584
Valkyrie83,3585
Valzur,3586
VanguardUK,3587
VanirsCorner,3588
VariousArtist,3589
Vasilivanov,3590
vayhinger1,3591
Vblade,3592
VecnaMarston,3593
vectadiaxia,3594
vejrum,3595
veldom,3596
Veraneio,3597
Verbudrak,3598
Veto,3599
Vexas,3600
VidaInfinita,3601
vidukaa,3602
vikings40,3603
Vimpelman,3604
vinayplusj,3605
Vinnichi,3606
Viperho,3607
vir0,3608
Viragatti,3609
virtuair,3610
Vismeep,3611
vitaly1981,3612
Vitho,3613
vivaldiii,3614
vmlevchuk,3615
vobacbe,3616
Volter0,3617
Volyak,3618
VonDodo,3619
vontableheim,3620
vouzoum,3621
Vpillow,3622
Vretalegenden,3623
Vrhurtado0305,3624
vSPiker,3625
vvildcard,3626
Vydriduch3000,3627
waccle,3628
wafflebun,3629
Wakomski,3630
walterskinnerFBI,3631
WaltsuP,3632
wamboyil,3633
WanderingMerchant,3634
WarCroft,3635
Waritec,3636
Warxky,3637
Washek,3638
Wasicuscholar,3639
Watch,3640
wavedog98,3641
waxbottle,3642
Way_Cool2,3643
wayward_member,3644
wehehe,3645
welin131,3646
wemufatard,3647
wertzui,3648
whatsabandicoot,3649
whedgehead,3650
whipko,3651
Whiplash_cash,3652
White Flare,3653
WhiteOnmyoji,3654
WiecKowsKi,3655
WildHornet,3656
wilinhelotes,3657
willpete,3658
Wilsonli,3659
wilsonza,3660
wingnut338,3661
WintareZ,3662
Wissarutto,3663
wkover,3664
wmorales,3665
wohamad,3666
Wolcik,3667
woldview,3668
WolfieRue,3669
wolverine1977,3670
wonderwitch,3671
Woodland_Alliance,3672
woodnoggin,3673
woongy,3674
wordsmith,3675
WorkmanSasquatch,3676
wouter7048,3677
wrygiel,3678
wu9632,3679
wulfenghoust,3680
wuyue19900,3681
WyomingGamingLibrary,3682
x3000gtx,3683
xanwan,3684
Xarien,3685
xas444,3686
XcrovaxX,3687
Xealous,3688
xglossostigma,3689
xiaotang,3690
XIglixX,3691
Xinzer,3692
xjqb1983,3693
xmanden,3694
xolbhx,3695
xornerg,3696
XorroNTG,3697
xSuperioRx,3698
Xtallll,3699
xvatat,3700
xWizardx,3701
xXHufflepuf98fXx,3702
xylantrax,3703
xyoxyo,3704
yalight,3705
yallen9527,3706
Yankel13,3707
yaren,3708
yarhma,3709
yelske,3710
Yematul,3711
yenzie,3712
yiechow,3713
yihandong,3714
yika,3715
YikSiu,3716
ylopj,3717
Yooric,3718
yourbuddyfromCanada,3719
yourDaddy,3720
Yugo050587,3721
yuius,3722
YujiroHanma,3723
yuksas,3724
yuriyuridaze,3725
Zabby,3726
zaincmt,3727
zaknafein666,3728
Zamiatin,3729
zaph42,3730
zarge,3731
Zarklord,3732
zedprotect,3733
zeegermans,3734
ZekeCooper,3735
zerkalo,3736
Zet79,3737
zhdzgr,3738
zhengralf,3739
zhiwiller,3740
ziferitto,3741
zkoehler,3742
Zombie Killer,3743
ZootCat,3744
ZoRDoK,3745
Zoror,3746
zottirgen,3747
zsech,3748
Zukerok,3749
Zuranthus,3750
zuzusdad,3751
Zwario,3752
zzyzxuk,3753
5GockBoB,3754
_nyna,3755
_O2_,3756
a2b2c517,3757
a_random_me,3758
aaandrew152,3759
Aaboe,3760
AarntEijer,3761
AaronCRdz,3762
Aaronia,3763
AaronTheRed,3764
abaddon1206,3765
abbio,3766
Abednego1977,3767
abellote,3768
Above_the_Timber,3769
abravenewgeek,3770
absurd,3771
acollins79,3772
Acslater64,3773
adamtuck,3774
adamxt,3775
Adex_it,3776
adrianfrancies,3777
adsummus,3778
aeiou871,3779
Aerotay,3780
AFABBI,3781
AferimCarabin,3782
Agrimos,3783
agustinn,3784
ahmetunalan,3785
ahvp,3786
AiciD,3787
ailean,3788
AIRMARTY747,3789
aisA_94,3790
ajeleandro,3791
Ajohnny101,3792
Akikazu_Takeuchi,3793
AkiVoy,3794
akurczak,3795
Aladin1k1,3796
Alalirey,3797
AlanCaselli,3798
alanias,3799
Alarend,3800
AlayaOdracir,3801
albamk,3802
Albertneri,3803
Alberto_P,3804
Albino3d,3805
Albinoparrot,3806
AlBundy4td,3807
alcatraz13,3808
Alcrix,3809
Alden6807,3810
Alenikov,3811
aleradamantis,3812
aletaurisano,3813
AlexBoardGamer,3814
alexmania99,3815
alexmu,3816
AlexVMad,3817
alfon7193,3818
Algros,3819
aliboughetto,3820
Alloy1090,3821
alpogiannis,3822
alteire,3823
althepal,3824
AlvaroE93,3825
amerikano,3826
Amorpheus,3827
Anamorphic235,3828
anamung0,3829
Anariin,3830
And_,3831
Andorlover,3832
andre,3833
Andrea_Penna,3834
andreguu,3835
andrelsco,3836
andremozena,3837
AndreN,3838
andreo888,3839
Andrewey,3840
andrewflansburg,3841
andrewwdavvid,3842
andystaats,3843
AndyW3b,3844
Anecarat,3845
angelPD,3846
Angmaleon,3847
AngryByte,3848
Angrymonkey,3849
Anilani7,3850
AnnaGee,3851
Annetscape,3852
Anothnio,3853
AnriRay,3854
AntonioBG7,3855
antoniociclos,3856
anwa,3857
anwarkin,3858
Ao_qc,3859
apet6426,3860
appejron,3861
Arapajouk,3862
archiesanchez,3863
Arctem,3864
arctic_rogue,3865
arczi89,3866
Arduano,3867
arekdymalski,3868
AreoLive,3869
Argopellter,3870
Ariokh15,3871
arjthelarge,3872
arkai,3873
arkonnen7,3874
ArlinDortmund,3875
ArmorSword,3876
ArnaudRn0,3877
arnoldliaoo,3878
arnwei,3879
arohu,3880
Arrakis66,3881
Arrcy,3882
ARSENIOPEREZ,3883
artdork,3884
ArtrosisJones,3885
artur10000,3886
Artymeephole,3887
Aruu,3888
aryelp,3889
ascetic_poet78,3890
ASJK,3891
assifv,3892
Astanyx,3893
Asturk,3894
asudevil,3895
Asymmetric_Wizard,3896
Athnios,3897
athryn,3898
Atrixmann,3899
attricus,3900
Aualan,3901
AucaCoyan,3902
augusto_canto,3903
aush22,3904
awesomelift,3905
awrighter,3906
axbzsf,3907
axdelafuen,3908
axel grenoble,3909
aztecnl,3910
Azynwrath,3911
B_e_a_r_d_m_a_n,3912
B_R_A_S_Ser,3913
baalze,3914
badsig,3915
baileywitt3,3916
Bane22,3917
bangerang,3918
Banthalos,3919
BarcaRocket,3920
Barduchi,3921
Barhocker,3922
Barrigon,3923
Bart,3924
Bartek_Astronauta,3925
Bartl0001,3926
BastiK81,3927
BastiRun,3928
Bauerpower1998,3929
BB77,3930
Bboom27,3931
bbossing,3932
bbrik,3933
bcmn,3934
bconnoll44,3935
bdec,3936
Bearpaw,3937
Beatsmatic,3938
Bebezinha89,3939
BebryGamez,3940
beerzinjsh,3941
Bellis208,3942
Bender Teo,3943
bender74,3944
Bengtson,3945
BenH1979,3946
Benjaminviking,3947
Berenjager,3948
betonmicha,3949
betonsc,3950
bettytr,3951
beuckelssen,3952
bgs1791,3953
bhixon,3954
bibea,3955
Biberce,3956
bigjoet,3957
bigmac33070,3958
bigoi75,3959
bigreddog,3960
BigZ077,3961
BikNail,3962
billy_magnus,3963
billybeer,3964
biodude,3965
Biomechaniac,3966
BishopND,3967
biskup000,3968
biturian_varosh,3969
Blaat81,3970
Blackhowler,3971
blackirishguilt,3972
Blacknail,3973
blackwatch2689,3974
BlaiseReavey,3975
blake33,3976
Blakepurnell,3977
BlakeWehrle,3978
Blipman,3979
blittle,3980
Blondegames95,3981
Blondie1922,3982
blooddragon,3983
blue314159,3984
BlueFoxMoon,3985
BlueMcReen,3986
bluesol,3987
Bluewolf17,3988
bluishsmoke,3989
Bmbr_2009,3990
BoardGameJoey,3991
boardgeekers,3992
boaz0norton,3993
Bob_Buttersworth,3994
bobbycar62,3995
BoBkenzi,3996
Boeles,3997
bogsan,3998
Bohde8781,3999
Bolzan29,4000
bonez1972,4001
BontaFumo,4002
BoredGameJunkie,4003
borjugon,4004
Boromir_and_Kermit,4005
Borto,4006
borysx,4007
BOSpiele,4008
bosstone12,4009
bouchardap,4010
boulou,4011
bourbon21197,4012
bowlguy,4013
boyfonz,4014
Bragallot,4015
Braggart,4016
Braldar,4017
BreakingBen,4018
Bretak,4019
Brettspielmann,4020
brockthomson1,4021
Brookz211,4022
Brooster,4023
Brotspinne,4024
brougnouff,4025
BruceRedbeard,4026
brummie_gamer,4027
BRun13,4028
BTB9000,4029
Btnmasher,4030
bubbaxis,4031
BudFox,4032
buhaj,4033
burkhomg,4034
Burning_Tyger,4035
Buskabond,4036
ButchLebo,4037
bwdiederich,4038
BWoodward,4039
C0MMAND84,4040
caanrito,4041
Caladan_Brut,4042
caltexn,4043
Cam27,4044
camitorres_m,4045
CannonFodderTed,4046
cantarellaa,4047
capichou,4048
captaingreybeard,4049
captbnut,4050
Caramasof,4051
CardboardConjurer,4052
Carnage994,4053
Caroo0,4054
Carv81,4055
casaubon,4056
cascer1,4057
castifab,4058
CatfishRow,4059
Catpaw10s,4060
Cavalier281,4061
cazarova,4062
Cazi,4063
ccelson,4064
Ccerullo87,4065
cdbass,4066
cdbroyles,4067
cdmurphy3,4068
cdomes,4069
Celana,4070
Celtic,4071
Cerebrum,4072
Cervantez,4073
Ceti,4074
ceustice,4075
cgardner13,4076
Chaaber,4077
chama_81,4078
Chaowongah,4079
Chappy_Sinclair,4080
CharlieMnemonic,4081
Charlinger,4082
CharmNico,4083
chatfouz,4084
che_fox,4085
cheetahwings,4086
cheshire_cat,4087
Chester Steve,4088
ChompersBits,4089
chreotho,4090
chrisd73,4091
ChrisHealey,4092
Chrisi81,4093
chrisprime,4094
Christiancpbcn,4095
christjuha,4096
chrisy,4097
Chritter,4098
chuchanas,4099
chucklinus,4100
ChucoCheese,4101
chunlang99,4102
ciccioDnP,4103
Ciffy,4104
cipri82,4105
CircadianTurnip,4106
CircusMage,4107
cjsmith1541,4108
ClaudiaSilva,4109
claudioyarzuns,4110
clerium,4111
ClownStomper,4112
cmdrsils,4113
cokoladka,4114
colehuston19,4115
Colemaninho,4116
collecThor,4117
coloradoboardgameguy,4118
Comizar,4119
Commit3d,4120
Contercontra,4121
CookieCrumble789,4122
cooperaa,4123
Corey B,4124
corsa,4125
Corsi42,4126
CorvusCrx,4127
coryplaysboardgames,4128
CosiNuss,4129
CotB,4130
Courgax,4131
CPAgames,4132
CpThreepwood89,4133
CptnMayhem,4134
crab27,4135
crashprone,4136
crayfishuk,4137
crazy_volucris,4138
Crazyhors3,4139
CrimsonWookiee,4140
CrisisOver,4141
crookededge92,4142
Crossa1,4143
CrovendianKing,4144
cruislet,4145
Crysthorn,4146
csiq101,4147
ctolo82,4148
Ctrl_Alt_Defeat,4149
cubateve,4150
cutoutllama,4151
Cutterbeck,4152
Cweeks1872,4153
Cynr8,4154
cyrrbiss,4155
czademonic,4156
Czarnoziem,4157
d0gb0t,4158
dabendan,4159
daccic,4160
Dacoco,4161
Daedalus,4162
DaGreenMachine,4163
Daiza,4164
daktales,4165
daleygamer,4166
DalimThor,4167
damevfx,4168
Dana__Scully,4169
dandansan,4170
dandyy,4171
danegillespie,4172
danielctull,4173
danielletrave,4174
danielrivash,4175
DaniQ,4176
dankelly,4177
Danniop,4178
danscoada,4179
Danthefrog,4180
DanyVns,4181
darachalice,4182
DarckyEKC,4183
darkangel2019,4184
Darke,4185
DarkiChris,4186
DarkmanG6,4187
Darkmurphy,4188
Dart_16,4189
darthchrista,4190
DarthDreamer,4191
das_artefakt,4192
das_boom,4193
DaSarB,4194
DaSpottishKing,4195
daswiesel3,4196
datasteal,4197
dats13,4198
dave8,4199
Daveoh,4200
davewoodnc,4201
David80,4202
davide_aus_basel,4203
DavidIII,4204
davorgekko,4205
dbeles,4206
DBendit,4207
dbhitchcock,4208
DDarrell6,4209
Deacis,4210
deadpool2468,4211
DeanCarcione,4212
Dedaydedi,4213
Dedengkot,4214
Deebo0183,4215
Deebster,4216
Deek1976,4217
deema,4218
deerstop,4219
Deitywanderer,4220
dekulero,4221
delbertsroses,4222
Delinquent,4223
demaluca,4224
Den_of_Madness,4225
dendarii42,4226
deni_gn,4227
denismarcio,4228
Denkevin,4229
dennisworld,4230
derek_lentz,4231
derekmd33,4232
DerelictDre,4233
deroeckj,4234
dessmond,4235
desultor,4236
Deus_Ex_Machina,4237
dev88,4238
DevonFall,4239
DeweyDecimated,4240
Deymos20,4241
dEZ1971,4242
dfrugo,4243
dhc3po,4244
dhk1987,4245
Diablordo,4246
Dianthus75,4247
dibbler,4248
diddypi,4249
DidiBern,4250
didrikjonassen,4251
Dinal4,4252
Dinamita2005,4253
DiogoFausto,4254
Dionne1993,4255
diosuke,4256
DirtyDying,4257
Dissa,4258
Divinity99,4259
Diviniy,4260
dj13ubbles,4261
DjaliRioT,4262
djhill,4263
Dk_win,4264
dkl415,4265
dmn1414,4266
do10hedron,4267
Doc_Socrates,4268
Doenermann,4269
Dominionator92,4270
DonaldTruong,4271
Donarmo,4272
donkeytorin,4273
Doooot,4274
Dopeski,4275
Dormak,4276
Double_Z,4277
Dpurple,4278
Drako83,4279
draxthor,4280
DrCordero,4281
Dreamdealer,4282
dredful,4283
Drewwerd,4284
Droxkon,4285
DrPepperAllStar,4286
drummingonears,4287
DryflyStephen,4288
Drylyyx,4289
Dsmoosecountry,4290
dt101010,4291
DT77,4292
duanewulf,4293
dubejeff,4294
DukeOfQuah,4295
dumpty,4296
Dusanlfc,4297
Dux_boardgames,4298
DVDGameGirl,4299
Dyurik,4300
Dzonint,4301
dzsi,4302
e_nichols,4303
eapeas,4304
EarlofBronze,4305
Earthshaker,4306
echelon,4307
Ed_McGein,4308
edbolme,4309
Edgar83,4310
edgarcr,4311
Edhelnaur,4312
edyfelson,4313
Efp3,4314
EGGR0LL,4315
ehellas,4316
Ekimstnava,4317
El Colono,4318
Ele_14,4319
elfuego1,4320
elithedruid,4321
Ell__,4322
ElMico,4323
elmikedeleon,4324
Elow74,4325
Elrahir,4326
Elsiesta,4327
em_cush,4328
embryant26,4329
emharrison,4330
emilo,4331
Emojoe,4332
emontesno,4333
Emper,4334
EmptyNestBoardMama,4335
Empyrium,4336
EmRedbird,4337
enola7277,4338
Enosh013,4339
Entr0pie,4340
EntropicNeutral,4341
EnzoOrion,4342
eogel,4343
Epacalypse,4344
epernice,4345
eqopucela,4346
Eramind,4347
Erebus78,4348
erfuga,4349
ericaustinlee,4350
ErichZann,4351
ericminkes,4352
Erlepunk,4353
ERock,4354
Es69,4355
Esbit,4356
EschelonID,4357
EssejSllim,4358
Essigzitrone,4359
Estepo,4360
Etherlair,4361
Eugeniosaracino,4362
EuropaExpress,4363
Evant4r,4364
evergeek123,4365
Exelor,4366
ExMonk67,4367
Experiment221,4368
Expfcwintergreen,4369
ezio204,4370
FA_Mustang,4371
Fabertooth,4372
Faguss,4373
Fakejade,4374
Falerist,4375
Faso74it,4376
fazermozg,4377
Fela26,4378
FeliCur,4379
FeniksGG,4380
FeniksIX,4381
Fenris84mlg,4382
Fenvarien,4383
FerretDave,4384
Fettuccine,4385
fgbizen,4386
fidgetyrain,4387
fijigus,4388
filgonfin,4389
fililip,4390
fillypej,4391
fishy116,4392
fitigamer,4393
Fitty_City,4394
Fixxxer76,4395
fizboz,4396
fizyk123,4397
fl3x_franke,4398
flagdan,4399
Flarkinwrx,4400
FLASFLAS,4401
flenk,4402
fler98,4403
Fletchy,4404
flof,4405
Flow033,4406
FlowerGamer,4407
Fluffyhairedkid,4408
fogelbaby,4409
Fonso_s,4410
ForTheMeeple,4411
Fortus25,4412
Fotakis84,4413
Foxman9815,4414
fr69O2rs,4415
FranJavGC,4416
frank20a,4417
franks1,4418
FraPas13,4419
frechi,4420
fredd18,4421
freejack40,4422
Frenchie112,4423
frenchie1337,4424
Frendus,4425
frenk,4426
fridek,4427
friendlypossum,4428
Friki_Liki,4429
Frode76,4430
fskinner,4431
Fuleng83,4432
fumok,4433
funhouseboy,4434
FuriousBroccoli,4435
Furkhail,4436
furlon26,4437
Fussel1807,4438
fuzguz,4439
Fyei,4440
fylraen,4441
gabrielcan_03,4442
Gaffercat,4443
Gagung,4444
galactus2099,4445
GameGod77,4446
gamermd,4447
Gamesinblue,4448
GamingMaine,4449
GamingTillDawn,4450
gapstone3,4451
Garbanso,4452
Garick,4453
Gatts95,4454
gcaps,4455
gcazier,4456
gcooper14,4457
Gdamour,4458
Geegs,4459
Geekorok,4460
GeertS,4461
geki,4462
Gelo11,4463
Gemini6Ice,4464
Genericname346,4465
genji256,4466
ggoncalves,4467
gh0std0g_,4468
Ghantu,4469
Ghenov,4470
Gia_gia,4471
giangi451,4472
gibling,4473
Gidarkdom,4474
gidget,4475
gilder13,4476
GilesG,4477
Giliath84,4478
GillesDR,4479
gingko78,4480
ginko225,4481
Giumangi,4482
GiustinoLuberti,4483
Glendora,4484
glisa,4485
Glorits,4486
Goatcabin,4487
gocalf,4488
god_save_the_king,4489
GodSiGmaR,4490
godzilla614,4491
Goldhamster,4492
gonzalobediadiaz,4493
Goofishon,4494
Gorath44000,4495
GothicPrincess,4496
goyan,4497
Goyokm,4498
gpowaaa,4499
gpruitt,4500
gracehopper,4501
grampane,4502
grande_andy,4503
grantf,4504
Gravos,4505
GreatBeast,4506
GreepyChocolate,4507
GregBarry,4508
greggles1983,4509
GregO_PL,4510
gregor1863,4511
GremlinMaster,4512
GreyKnight93,4513
Griffener,4514
GriffinTamer,4515
GrimBrownie,4516
grimone,4517
GrisuderSpielteufel,4518
GrnMage,4519
Groemar,4520
gromroxxarrzz,4521
Groovycathers,4522
GrovePrince,4523
grsalvador,4524
gscolle,4525
guakamole,4526
guardiansOTboardgame,4527
gufo,4528
Guicho,4529
Guilhermefll,4530
gukned,4531
Gumps,4532
gunfran,4533
Gunna66,4534
Gurluzer,4535
gus da bull,4536
gvdwest,4537
gvr_,4538
gvt2000,4539
gwardy,4540
gycklarn,4541
gyoreg,4542
H1ghtower,4543
H3rmit87,4544
hacklan07,4545
hacksaaw,4546
hagarthelucky,4547
handman,4548
Handrake75,4549
hannahboyd,4550
Hanno12,4551
Happy Meeple,4552
Harlandas,4553
hartsukka,4554
HarvesterAD,4555
Hasek31,4556
hatarmuki,4557
Haulenaar,4558
Hawaiihappy,4559
hawkeychick,4560
HawkFan,4561
HeapAbstractus,4562
heartofanartichoke,4563
HeathenWeb,4564
hectorcaraballo,4565
hed0ne,4566
heimdallr75,4567
Hejki,4568
Heldisil,4569
HelgiSam,4570
hellvet,4571
Helvinek,4572
hemlin,4573
Herbolder,4574
Herra Ukkeli,4575
HexAndOtter,4576
Hexexmeister,4577
HHGTTG,4578
hiddenninjaskills,4579
Hippojenkins,4580
hkohlerm,4581
HoardingDwarf,4582
hobbesvii,4583
Hobu,4584
hoeskuldr,4585
homarn,4586
hondojr27,4587
hoppermeister06,4588
HorribleHager,4589
horusz,4590
hpgeek,4591
Hskev,4592
HTorsrud,4593
Hugoffsport,4594
hulk2,4595
Hun13R,4596
Huntaat,4597
hvg3akaek,4598
hypeman007,4599
i2xCross,4600
Iamgavin,4601
iammatrix,4602
iamovidiu,4603
IamSarnix,4604
Iazaueba,4605
icedude55,4606
iCeParadox64,4607
IceScrat,4608
Ico77,4609
iffilyn,4610
iffy49,4611
Igor74,4612
Ikehouserock,4613
iLLut3,4614
ilmicio,4615
ilovecomix,4616
Ilziic,4617
Imagesmith,4618
ImaNumber,4619
imis,4620
impeira,4621
Inf147,4622
infinitycubed,4623
inqueldi,4624
InQuieto,4625
integratedfrost,4626
intro23wertyk,4627
IntvGene,4628
Invic87,4629
IoanaVulturar,4630
IqbalRidzuan,4631
IrishOsprey,4632
Irix,4633
IronFarm,4634
Iseltof,4635
Iskierek,4636
ismakc,4637
ismosa,4638
Itharow,4639
itophd,4640
ItsFox,4641
ItsNags,4642
Iutama,4643
IvanCH,4644
IvanHo,4645
IvcaG87,4646
Ivy_182,4647
jabgibson,4648
JaccoG,4649
Jackieboy37,4650
JackTorrance,4651
Jacob_Wick,4652
jacobseifert,4653
jacun,4654
jaepingsu,4655
jahefaza,4656
JaketheGreat,4657
jakobian87,4658
Jama326,4659
jamematen,4660
jamespashton,4661
jammydee513,4662
janpy,4663
jaoct,4664
Jaranika,4665
jaregner,4666
jarkano,4667
jaxsnop,4668
Jays2326,4669
JazzKuitar,4670
jbabel,4671
jbagio,4672
jbmholkenborg,4673
jbull08,4674
jcriouxx,4675
Jdjz,4676
JealousAgain,4677
Jeanjo77,4678
jeddy lee,4679
jedgoshi73,4680
jedstephenson,4681
Jeff616,4682
JeffCharest,4683
jeitzen24,4684
Jekass,4685
JellyFrog,4686
Jenny1988,4687
Jerrclark,4688
JesseBear007,4689
jessica3030,4690
jesusers,4691
Jetran,4692
jfeldgor,4693
jfinster,4694
jfr1975,4695
jhaubrich,4696
jhmanso,4697
jidder13,4698
JimB1,4699
jimmy_stavros,4700
JimThePirate,4701
jimz50,4702
Jivan35,4703
JJCapde,4704
jkanta,4705
jkdamron,4706
Jlighter,4707
jmstoic,4708
jmstovar92,4709
jmulldome,4710
jneug,4711
Joabqm,4712
Jochenende,4713
jockerhausen1,4714
joeklipfel,4715
joepunman,4716
Joeymojo,4717
johnostout,4718
johnpankey,4719
Joker2,4720
JokerES,4721
jolly_green,4722
JollyLumpy,4723
JonahJo9,4724
jonasgl,4725
JonesJaeger,4726
Joostdelangen,4727
Jorane,4728
Jordi06,4729
JordiD,4730
jorikke,4731
JoseMorales,4732
Joseph Cannon,4733
josh_butler2,4734
joshuadkennedy,4735
Josiane1980,4736
jotaem,4737
jovialogre,4738
jpdk,4739
jpmcco,4740
jprett2,4741
jr91jb,4742
jrabraga,4743
jreakins,4744
JRobot4,4745
jsmateusb,4746
jtflynn,4747
JTQuest,4748
JTSPhilosopher,4749
Judgey145,4750
jugeko,4751
JuggernautMN,4752
Jules_Sto,4753
JulianFields,4754
juliekerckaert,4755
julioacsantos,4756
JungleJon,4757
junimo,4758
Jurbsies,4759
JWistbac,4760
Jwlahn,4761
K1dN30,4762
k6i6cro55,4763
K_oroviev,4764
Kaddilicious,4765
Kade20,4766
Kaiowas05,4767
Kalayna,4768
Kalibahn,4769
Kaluga,4770
Kamaitatchi,4771
kamimark,4772
KaNawogirusa,4773
kanoe,4774
Kaoru_Souma,4775
KapteinMaake,4776
karadum,4777
KaraJean17,4778
karmazynowy,4779
Karnomorph,4780
kasey113,4781
Kasitka,4782
katatonia,4783
Katunik,4784
kbirschbach,4785
KBSquiggle,4786
kdawg218,4787
kdskeitaro,4788
Keavy,4789
keekscj1,4790
Kellis1221,4791
kelvinlau,4792
Kemaka,4793
kennethkenneth,4794
kentaro131,4795
kepasaneng,4796
Keraptis,4797
Keravin,4798
Kereliuk96,4799
Kerpaderp,4800
Kertaga,4801
kery,4802
kevindreno,4803
Kezerk,4804
kgrandpak,4805
Khala,4806
Khelegar,4807
Khote,4808
Kikanis,4809
KikiwiFruit,4810
Kikkoup,4811
kiko2k,4812
kimcarey1969,4813
kingblingtx,4814
kingofspin101,4815
kinhcan1002,4816
kinnonii,4817
Kinski,4818
Kiperius,4819
Kippkimelo,4820
kirbynm,4821
kirilllytkin,4822
Kirilloid,4823
Kiskinakisa,4824
Kits80,4825
Kiyuu,4826
kjlattari,4827
Klangfarbe,4828
klaustocompletion,4829
KLB13,4830
KleinerM,4831
klund,4832
knayz,4833
kneumann,4834
koikessler,4835
kollathat,4836
Komarzer,4837
Komirowsky,4838
Konata,4839
Kostj,4840
kotolion,4841
kpaxchaos,4842
Krae1289,4843
Kragonn,4844
Krautkopf,4845
Kreha6,4846
Krevaxx,4847
kris10new,4848
kristins,4849
KristopherHickman,4850
ksof,4851
KtDvr,4852
KToff,4853
Kubilius,4854
kulus62,4855
kungfuhippie,4856
kuuolio,4857
kvalle,4858
Kwerve_Supper,4859
Kwestor,4860
kwhite1,4861
KyreJCB,4862
Kyrwald,4863
Kysh1980,4864
kytheguy,4865
kyvvv,4866
L30nSt,4867
laboda37,4868
labrhat22,4869
Lacome,4870
lalos,4871
Largo_von_Decken,4872
Larkspur,4873
Larolo,4874
laufi,4875
ldjarmin,4876
Le Canard fou,4877
leandronun,4878
lectus,4879
LeegalDkman,4880
legion777,4881
lehenry,4882
LeifFromTheAshes,4883
lemmisss,4884
Lemmylive,4885
LenaLein,4886
Leonadter,4887
LeonQuin,4888
LeoVX,4889
LeoVX2,4890
leseulsteve,4891
LeSquish19,4892
Level1Nerd,4893
lewhno,4894
LexyLlama,4895
Leykos,4896
Lhoudoplex,4897
Li_Si,4898
Lieblingsonkel,4899
Limly,4900
Limones,4901
linkingverbs,4902
Lion_Pride85,4903
lipman,4904
Liskinho,4905
LittleBoardWelder,4906
LittleNapolean,4907
Littlsht,4908
loafboy,4909
Lodan,4910
loganholman,4911
LoganSilver,4912
LoicSydney,4913
Lokipitufo,4914
Lolli_Bob,4915
lonefreak,4916
Loneronin21,4917
lonnie913,4918
loplayer4life,4919
Lord Al_X,4920
Lord_Indûr,4921
Lord_Ume,4922
LordManix,4923
lordsplodge,4924
LordWega,4925
Lothrain,4926
louifxii,4927
lowej004,4928
Lowplayer,4929
Lpgc,4930
Lsvt,4931
LtRaven,4932
LucaLeoncavallo,4933
LucianGregory,4934
lucid_owl,4935
LucindaDV2905,4936
luckily2027,4937
LuckyDwarf,4938
luckym2552,4939
lucmoscrop,4940
Lucto,4941
lugenstien,4942
luisareds,4943
LuisGomez,4944
Lyman2,4945
Lyserg22,4946
m0neypulati0n,4947
m4th13u,4948
M_R_10,4949
Maartje93,4950
macfaro,4951
Machinegun Joe,4952
MacNial,4953
macrat84,4954
macurvello,4955
madhatter,4956
Madlex,4957
MadManu,4958
Madwind,4959
Magdeburger,4960
MagicDave321,4961
magnusrygh,4962
Magun071,4963
Major93,4964
majsaund,4965
majzownik,4966
makapohhik,4967
Makubex1526,4968
malakav,4969
malayet2,4970
manadrainer,4971
mapolupo,4972
Marbonagrin,4973
Marcelofabiano,4974
marco gazolla,4975
Marco_Aurelio,4976
MarcoKom,4977
marcotboard,4978
Marek2388,4979
Marelf,4980
marhifer2003,4981
marioadrian,4982
Mark0510,4983
Marl28,4984
marlnobor,4985
Marnix,4986
Marquezr,4987
martab7,4988
martinfowlercom,4989
MaRu_bgg,4990
Marvajal,4991
matax87,4992
MatheusCrusco98,4993
matialbor,4994
MatMiller,4995
MatrixAC,4996
mattbook,4997
Matthwalan,4998
mattmat,4999
mau133,5000
MauritzVDdorf,5001
maverick58,5002
max_ra,5003
maxaha,5004
MaxBirne,5005
Maxheight,5006
maxjustice,5007
Mayafreestyle,5008
maybeas13,5009
McBartsomeville,5010
mccedi,5011
McClansman,5012
Mcfinz,5013
MCiK,5014
mdandrewm,5015
mdaros,5016
Meanwater,5017
medievalbanquet,5018
Meepledad2,5019
MegaMrBrown,5020
megmer09,5021
meip78,5022
Melko_,5023
Melkooor,5024
Meloitones,5025
memphis817,5026
menschenchild,5027
stoebner,5028
ThatOldChesnut,5029
epidemic890,5030
gamesdaemon,5031
SBGrad,5032
Alataraufderjagd,5033
bdegroot,5034
socrmmd58,5035
Got1000,5036
yzemaze,5037
iamo,5038
MarkEJohnson,5039
rmanns241,5040
Vexatious,5041
ryansmum2008,5042
D Bo,5043
andycted,5044
MGSmith87,5045
pelexoi,5046
Jan van der Laan,5047
larryjrice,5048
PzVIE,5049
cfarrell,5050
MrEqo,5051
purplecow55,5052
Timon of Athens,5053
woelfman,5054
Reciclerishu,5055
stellarblues1,5056
theaaron,5057
scaurus,5058
VonKar,5059
bosnivan,5060
drmark64,5061
shreyank,5062
morrfo,5063
ajpl,5064
besancon84,5065
Fess_,5066
Darksavage111,5067
Apos,5068
ardrummo,5069
Frutsik,5070
mat_eyo,5071
TorbenVang,5072
j0_0,5073
Rui_,5074
cherdan,5075
ptm_junk,5076
Weaks,5077
cactusse,5078
Chump,5079
benshever,5080
kardos16,5081
tshiblaq,5082
vittigo,5083
pumaman123,5084
daltigoth_negro,5085
SeanXor,5086
Gavilan,5087
gtburns,5088
Riccardo Rigillo,5089
jlbeckham,5090
rhamsterren,5091
chuckmedic,5092
TacoSupreme,5093
grasa_total,5094
Randy Cox,5095
Straight To Hell,5096
Dani_Vikingo,5097
rws2029,5098
ppsacco,5099
Qeester,5100
mikehulsebus,5101
Zimx,5102
iorio,5103
makarren,5104
TheMitchMaster,5105
Viduenez,5106
SaraCV,5107
ScotchYeti,5108
heikman,5109
ost006,5110
JuanVilar,5111
qphilli,5112
cartwright,5113
Chuie,5114
Janahall323,5115
Shmickwahoo,5116
Byte,5117
Karel,5118
marioaguila,5119
cpt_mcnuggets,5120
Harry1986,5121
zigmoose,5122
iNano78,5123
James_Blair,5124
kgrimes2,5125
Ninjashadowwarrior,5126
Psychic_Flakk,5127
aBOXofWINE,5128
ousgg,5129
SaiSaysPlayGo,5130
Chiphall72,5131
jasonc213,5132
Galatolol,5133
_tk_,5134
simonocles,5135
Xenir,5136
Salamon,5137
Head_Rat,5138
YogiBaldGuru,5139
Angelo83,5140
Serrano572,5141
bbrandeb49,5142
cheappoison,5143
gentlegiantglass,5144
mOCHU035,5145
mk20336,5146
wellevorkanagawa,5147
NazFTW,5148
Simcsa,5149
Calmien,5150
fadista,5151
negrita0,5152
rikicorgan,5153
spazzmastic,5154
CNayler,5155
Alexvil,5156
brutusbelton,5157
fizzle,5158
Neso91,5159
Koherus,5160
ideonexus,5161
imagineer,5162
metalbag,5163
Zison,5164
hang jebat,5165
eduart,5166
Tigrillo,5167
bubbalas,5168
leffe dubbel,5169
Yacoff,5170
Killed By Death,5171
Osmiumtetroxide,5172
Painless,5173
Imot90,5174
doribrud,5175
Truji,5176
amckenzie39,5177
whywhyzed,5178
Mistefire,5179
Roosta13,5180
happyjosiah,5181
Stejeh,5182
ArchaicDevil,5183
ShakinBlake84,5184
srand,5185
Maluski,5186
flpii,5187
verandi,5188
energythief,5189
Locou,5190
Riyan216,5191
vexthedude,5192
Psychonaut,5193
Queseyo,5194
Stavroguin,5195
rynelf,5196
cscottk,5197
Horux,5198
orange,5199
jeremylgunter,5200
dpbernath,5201
nerdymove,5202
Wargriff,5203
zeusofarc,5204
Pevans,5205
Iron_Stitch,5206
jnharr,5207
Maddin81,5208
Murkxsi,5209
Sneaky Petey,5210
Temig,5211
vdwoord,5212
Destrio,5213
Mack1993,5214
stoneart69,5215
Frejay,5216
Kip1sh,5217
Kklinkk,5218
Sjengske,5219
verliebt,5220
Music_Meeples,5221
Bernaar,5222
cannoneer,5223
captnmeeple,5224
UnrulyRabbit,5225
K_Nudde,5226
Earl of Dukes,5227
Phelonius,5228
GeorgW,5229
Tjolmir,5230
Quayde,5231
ambisiniestro,5232
darkfinale,5233
Ripshawd,5234
Slaverzguild,5235
CarlesM,5236
Jullse,5237
Paco_Cazorla,5238
sealgo,5239
skuby,5240
machineguns1501,5241
Nodosaurus,5242
dalembertian,5243
soyyorch,5244
tantalon,5245
yencool,5246
Masu,5247
mexo,5248
RealBarak,5249
agoodman,5250
bneffer,5251
Dawaran,5252
prd1982,5253
AliDel,5254
Arane,5255
bdeink,5256
gyttja,5257
Hyperionecta,5258
JHolub,5259
Natebeach,5260
Simnnms,5261
tini_wo,5262
100pcBlade,5263
Nikitibv,5264
PyroDoctor,5265
Ward,5266
King Gary,5267
aawhite1,5268
cafernan73,5269
netilu,5270
qzhdad,5271
pezpimp,5272
tagoodness,5273
Chief_Wiggum,5274
tinpot,5275
KvdBergh,5276
Takhyon,5277
ChuckSherrange,5278
Cuvaflow,5279
expectral,5280
fallenicarus,5281
mgaler,5282
Pvt_SNAFU,5283
Zveroboy,5284
cuento,5285
MuteImpulse,5286
Prydia,5287
trompeta4321,5288
Wendolin,5289
MadMaccha91,5290
Alnav1,5291
Azuzinho,5292
tercix,5293
Lemem,5294
ElFluppe,5295
Viktula,5296
Stony,5297
akaisamurai001,5298
Kaelistus,5299
clearclaw,5300
dr glaze et al,5301
kamixx,5302
Dscalibur,5303
jmdsplotter,5304
Cowain,5305
GlennvL,5306
money88,5307
smalenberg,5308
Arcesilaus,5309
Kristy_Nikki,5310
Masterofmayhem,5311
Pinovitch,5312
psyduck54,5313
remmievets,5314
Urza47,5315
aypexa,5316
Federico_Pierlorenzi,5317
jellyfishjoe,5318
tatiannamaria,5319
TheElise,5320
varianor,5321
Christiangl,5322
tiggers,5323
Zalbar,5324
wyrwis,5325
Awschmitkons,5326
smilingra,5327
eadred,5328
Bouttime,5329
cesartustro,5330
diock20,5331
djberg96,5332
enzo622,5333
FakeDutch,5334
lexen,5335
rrmalex,5336
Sintonic,5337
twoBeatT,5338
Aredhel,5339
foobar101,5340
grognard72,5341
mart97829,5342
Pimpi,5343
teal,5344
utl94,5345
XekoYoMismo,5346
albertistvan,5347
AlexFS,5348
kataclysm,5349
21kellie08,5350
bonillarau,5351
BrightAngel,5352
leopandolfo,5353
MonteesMeeples,5354
MorriganCloe,5355
kratoskain,5356
Bixby,5357
NNova,5358
redantec,5359
briatharen,5360
broggi,5361
jbdrft,5362
BuckeyeMiniMe,5363
Hartyfarty,5364
Neale2006,5365
globetrotter,5366
nicknelson,5367
_sly_,5368
BeoXXVI,5369
DaDarkness77,5370
Liberte 1944,5371
Lt_MH,5372
Nicolette0128,5373
Sherpherd,5374
Tam1974,5375
ViktorPersson,5376
DimensionSix,5377
Farsol,5378
VolkoV,5379
AndreiaFranz,5380
channel419,5381
Riever32,5382
cberg,5383
malarzigrzyb,5384
mudville9,5385
xalons,5386
BartP,5387
garry_rice,5388
jackspeirs,5389
Rhinoceritis,5390
xTomer,5391
Cyberian,5392
farchamb,5393
gvaldizan,5394
Jeff Schulte,5395
ML_Berlin,5396
oxmond,5397
William Walker,5398
BagpipeDan,5399
HagSalMan,5400
MABBY,5401
metor2,5402
vyvyannexp,5403
zorkmids,5404
CruelThunder,5405
Dj4eN,5406
FMChurch,5407
Legrasse81,5408
oli912,5409
RavenousCake,5410
sinscaptain,5411
leroy43,5412
tommynomad,5413
billharr,5414
edensong,5415
kenhawkins13,5416
MarathonPhil,5417
rkeswani,5418
RolloTommasi,5419
tavlas,5420
TheBigM,5421
Xandre_BGG,5422
Beer4Dad,5423
DavyC,5424
DJ_Murphy,5425
vyntoo,5426
wzdan,5427
alexlauth,5428
CardDuke,5429
dragos_br,5430
John Rogers,5431
LloydGM,5432
numberonewally,5433
SWxNW,5434
aaronacox,5435
Abruptdolphin,5436
AndySocial,5437
ankno,5438
booniekoh,5439
dancj,5440
herrwilding,5441
Kenigis,5442
Morien10,5443
NeilHarris,5444
parkerbey,5445
patatepourrie,5446
Pekebu,5447
Phasmtis,5448
rasmussen81,5449
Schwarzsturm,5450
Snapshot187,5451
uffegraa,5452
will98683,5453
vetinari7878,5454
Goodgulf the Grey,5455
Mayhemoid,5456
Quikhands28,5457
RADMANUS,5458
MajorPsycho,5459
scottdawn1,5460
cbrady748,5461
Chandlerwp,5462
Daybed,5463
flahr,5464
Khayle85,5465
maslopi,5466
Migmeister,5467
Omodagen,5468
Pickledpuffer,5469
SteffenS73,5470
Suzan,5471
davebo,5472
txnull,5473
Babeester,5474
biggy_serg,5475
EnumahElish,5476
HowitzerBug,5477
Eric Brosius,5478
Olimar,5479
fadeproofvision,5480
hellomrzombie,5481
leleyx,5482
licotto,5483
Mikyjpeg,5484
mormonmommy,5485
Narl,5486
NoobishByNature,5487
phurley,5488
Renato Orosco,5489
Ryan Wampleman,5490
seedling,5491
Uthoroc,5492
wwalker98,5493
marktb1961,5494
weishaupt,5495
cherry227,5496
Famazar,5497
Hini2001,5498
jkach91,5499
MKamui,5500
stiffann,5501
jakumo,5502
sanz33,5503
