bgg_id,community,name,overall_rank
224517,7,Brass: Birmingham,1
342942,24,Ark Nova,2
161936,4,Pandemic Legacy: Season 1,3
174430,12,Gloomhaven,4
397598,19,Dune: Imperium – Uprising,5
316554,16,Dune: Imperium,6
233078,9,Twilight Imperium: Fourth Edition,7
115746,20,War of the Ring: Second Edition,8
167791,0,Terraforming Mars,9
187645,9,Star Wars: Rebellion,10
162886,12,Spirit Island,11
291457,12,Gloomhaven: Jaws of the Lion,12
220308,2,Gaia Project,13
12333,20,Twilight Struggle,14
84876,42,The Castles of Burgundy,15
418059,2,SETI: Search for Extraterrestrial Intelligence,16
338960,12,Slay the Spire: The Board Game,17
182028,8,Through the Ages: A New Story of Civilization,18
193738,8,Great Western Trail,19
421006,19,The Lord of the Rings: Duel for Middle-earth,20
295770,12,Frosthaven,21
246900,5,Eclipse: Second Dawn for the Galaxy,22
28720,20,Brass: Lancashire,23
173346,33,7 Wonders Duel,24
167355,12,Nemesis,25
169786,3,Scythe,26
177736,2,A Feast for Odin,27
266507,4,Clank! Legacy: Acquisitions Incorporated,28
124361,22,Concordia,29
312484,1,Lost Ruins of Arnak,30
341169,2,Great Western Trail: Second Edition,31
205637,12,Arkham Horror: The Card Game,32
373106,19,Sky Team,33
237182,5,Root,34
120677,8,Terra Mystica,35
164928,8,Orléans,36
192135,12,Too Many Bones,37
266192,34,Wingspan,38
96848,9,Mage Knight Board Game,39
251247,2,Barrage,40
321608,2,Hegemony: Lead Your Class to Victory,41
199792,23,Everdell,42
324856,35,The Crew: Mission Deep Sea,43
183394,21,Viticulture Essential Edition,44
284378,2,Kanban EV,45
521,35,Crokinole,46
366013,19,Heat: Pedal to the Metal,47
285774,12,Marvel Champions: The Card Game,48
175914,20,Food Chain Magnate,49
247763,2,Underwater Cities,50
390092,4,Ticket to Ride Legacy: Legends of the West,51
365717,19,Clank!: Catacombs,52
256960,20,Pax Pamir: Second Edition,53
253344,12,Cthulhu: Death May Die,54
3076,10,Puerto Rico,55
383179,2,Age of Innovation,56
414317,19,Harmonies,57
184267,2,On Mars,58
314040,4,Pandemic Legacy: Season 0,59
295947,13,Cascadia,60
185343,2,Anachrony,61
102794,8,Caverna: The Cave Farmers,62
251661,12,Oathsworn: Into the Deepwood,63
31260,10,Agricola,64
170216,9,Blood Rage,65
231733,2,Obsession,66
182874,2,Grand Austria Hotel,67
240980,35,Blood on the Clocktower,68
161533,2,Lisboa,69
221107,4,Pandemic Legacy: Season 2,70
255984,12,Sleeping Gods,71
371942,2,The White Castle,72
126163,8,Tzolk'in: The Mayan Calendar,73
2651,10,Power Grid,74
205059,9,Mansions of Madness: Second Edition,75
216132,2,Clans of Caledonia,76
380607,2,Great Western Trail: New Zealand,77
244521,6,Quacks,78
266810,2,Paladins of the West Kingdom,79
35677,8,Le Havre,80
125153,2,The Gallerist,81
124742,9,Android: Netrunner,82
164153,9,Star Wars: Imperial Assault,83
367966,19,Endeavor: Deep Sea,84
200680,7,Agricola (Revised Edition),85
337627,2,Voidfall,86
276025,2,Maracaibo,87
366161,13,Wingspan Asia,88
322289,2,Darwin's Journey,89
209010,12,Mechs vs. Minions,90
332772,2,Revive,91
284083,4,The Crew: The Quest for Planet Nine,92
28143,27,Race for the Galaxy,93
55690,12,Kingdom Death: Monster,94
157354,32,Five Tribes: The Djinns of Naqala,95
230802,14,Azul,96
277659,12,Final Girl,97
201808,23,Clank!: A Deck-Building Adventure,98
159675,8,Fields of Arle,99
93,10,El Grande,100
413246,19,Bomb Busters,101
72125,9,Eclipse: New Dawn for the Galaxy,102
359871,19,Arcs,103
256916,2,Concordia Venus,104
291453,19,SCOUT,105
110327,9,Lords of Waterdeep,106
191189,12,Aeon's End,107
436217,12,The Lord of the Rings: Fate of the Fellowship,108
229853,2,Teotihuacan: City of Gods,109
359609,12,Arkham Horror: The Card Game (Revised Core Set),110
317985,2,Beyond the Sun,111
364073,19,Splendor Duel,112
62219,20,Dominant Species,113
279537,35,The Search for Planet X,114
12,10,Ra,115
68448,30,7 Wonders,116
225694,35,Decrypto,117
25613,10,Through the Ages: A Story of Civilization,118
121921,12,Robinson Crusoe: Adventures on the Cursed Island,119
171623,8,The Voyages of Marco Polo,120
163068,2,Trickerion: Legends of Illusion,121
217372,35,The Quest for El Dorado,122
410201,19,Wyrmspan,123
155821,5,Inis,124
37111,9,Battlestar Galactica: The Board Game,125
391137,2,Galactic Cruise,126
310873,2,Carnegie,127
271055,2,Dwellings of Eldervale,128
310100,12,Nemesis: Lockdown,129
236457,2,Architects of the West Kingdom,130
42,10,Tigris & Euphrates,131
40834,10,Dominion: Intrigue,132
122515,8,Keyflower,133
170042,13,Raiders of the North Sea,134
227935,19,Wonderland's War,135
264220,12,Tainted Grail: The Fall of Avalon,136
146021,9,Eldritch Horror,137
18602,10,Caylus,138
4098,20,Age of Steam,139
73439,8,Troyes,140
203993,8,Lorenzo il Magnifico,141
269385,12,The Lord of the Rings: Journeys in Middle-Earth,142
396790,2,Nucleum,143
172386,8,Mombasa,144
36218,15,Dominion,145
163412,31,Patchwork,146
43015,10,Hansa Teutonica,147
102680,8,Trajan,148
218417,12,Aeon's End: War Eternal,149
12493,9,Twilight Imperium: Third Edition,150
144733,8,Russian Railroads,151
391163,19,Forest Shuffle,152
205896,9,Rising Sun,153
175640,2,Vinhos: Deluxe Edition,154
196340,2,Yokohama,155
254640,28,Just One,156
175155,9,Forbidden Stars,157
325494,12,ISS Vanguard,158
429293,19,The Lord of the Rings: The Fellowship of the Ring – Trick-Taking Game,159
198928,26,Iberia,160
178900,37,Codenames,161
233371,23,Clank! In! Space!: A Deck-Building Adventure,162
180263,12,The 7th Continent,163
189932,5,Tyrants of the Underdark,164
172287,23,Champions of Midgard,165
220877,2,Rajas of the Ganges,166
463,9,Magic: The Gathering,167
258779,19,Planet Unknown,168
304783,12,Hadrian's Wall,169
30549,26,Pandemic,170
132531,8,Roll for the Galaxy,171
235802,12,Too Many Bones: Undertow,172
118048,17,Targi,173
147020,9,Star Realms,174
266524,13,PARKS,175
209418,7,Dominion: Second Edition,176
161970,8,Alchemists,177
14996,41,Ticket to Ride: Europe,178
263918,13,Cartographers,179
268864,20,Undaunted: Normandy,180
249259,5,War Chest,181
262712,5,Res Arcana,182
358661,2,Andromeda's Edge,183
271324,13,It's a Wonderful World,184
77423,9,The Lord of the Rings: The Card Game,185
274364,20,Watergate,186
400602,2,Civolution,187
34635,10,Stone Age,188
328871,13,Terraforming Mars: Ares Expedition,189
148949,8,Istanbul,190
294484,16,Unmatched: Cobble & Fog,191
308765,2,Praga Caput Regni,192
281259,13,The Isle of Cats,193
271896,12,Star Wars: Outer Rim,194
82222,12,Xia: Legends of a Drift System,195
296151,2,Viscounts of the West Kingdom,196
146652,9,Legendary Encounters: An Alien Deck Building Game,197
364011,2,Great Western Trail: Argentina,198
127023,9,Kemet,199
2511,9,Sherlock Holmes Consulting Detective: The Thames Murders & Other Cases,200
54043,29,Jaipur,201
283948,2,Marco Polo II: In the Service of the Khan,202
103885,9,Star Wars: X-Wing Miniatures Game,203
265188,2,Glen More II: Chronicles,204
244522,17,That's Pretty Clever!,205
233398,2,Endeavor: Age of Sail,206
316377,7,7 Wonders (Second Edition),207
329082,19,Radlands,208
350184,13,Earth,209
233867,13,Welcome To...,210
283355,20,Dune,211
339789,19,Welcome to the Moon,212
188920,12,This War of Mine: The Board Game,213
420033,12,Vantage,214
43111,9,Chaos in the Old World,215
314491,13,Meadow,216
332686,20,John Company: Second Edition,217
9609,9,War of the Ring,218
10630,20,Memoir '44,219
374173,12,Star Wars: The Deckbuilding Game,220
118,10,Modern Art,221
227224,2,The Red Cathedral,222
199561,13,Sagrada,223
242302,13,Space Base,224
256680,12,Return to Dark Tower,225
104162,9,Descent: Journeys in the Dark (Second Edition),226
342070,19,Thunder Road: Vendetta,227
39463,9,Cosmic Encounter,228
25021,20,Sekigahara: The Unification of Japan,229
299659,5,Clash of Cultures: Monumental Edition,230
416851,19,Castle Combo,231
155426,8,Castles of Mad King Ludwig,232
356080,12,The Elder Scrolls: Betrayal of the Second Era,233
300531,19,Paleo,234
188,10,Go,235
128882,25,The Resistance: Avalon,236
103343,9,A Game of Thrones: The Board Game (Second Edition),237
31627,41,Ticket to Ride: Nordic Countries,238
822,38,Carcassonne,239
287954,13,Azul: Summer Pavilion,240
282524,12,Horrified,241
17133,10,Railways of the World,242
148228,36,Splendor,243
70149,8,Ora et Labora,244
171131,25,Captain Sonar,245
104006,8,Village,246
123260,8,Suburbia,247
215,10,Tichu,248
269207,17,The Taverns of Tiefenthal,249
14105,20,Commands & Colors: Ancients,250
150376,9,Dead of Winter: A Crossroads Game,251
285967,5,Ankh: Gods of Egypt,252
241451,12,Aeon's End: Legacy,253
293014,13,Nidavellir,254
385761,19,Faraway,255
9209,18,Ticket to Ride,256
165722,35,KLASK,257
7854,10,YINSH,258
367220,19,Sea Salt & Paper,259
182631,33,Star Realms: Colony Wars,260
245638,2,Coimbra,261
91,20,Paths of Glory,262
306735,12,Under Falling Skies,263
188834,25,Secret Hitler,264
260605,35,Camel Up (Second Edition),265
283155,13,Calico,266
295486,4,My City,267
54998,9,Cyclades,268
367150,5,Dune: War for Arrakis,269
400366,19,Wondrous Creatures,270
126042,8,Nations,271
223040,19,Fantasy Realms,272
329839,19,So Clover!,273
224037,35,Codenames: Duet,274
146886,8,La Granja,275
232832,13,Century: Golem Edition,276
195421,23,Near and Far,277
295895,2,Distilled,278
21050,20,Combat Commander: Europe,279
221194,21,Dinosaur Island,280
129437,9,Legendary: A Marvel Deck Building Game,281
158600,35,Hanamikoji,282
3,10,Samurai,283
351913,2,Tiletum,284
232405,3,Western Legends,285
192291,25,Sushi Go Party!,286
176189,9,Zombicide: Black Plague,287
199478,38,Flamme Rouge,288
156129,25,Deception: Murder in Hong Kong,289
318977,19,MicroMacro: Crime City,290
176494,8,Isle of Skye: From Chieftain to King,291
19857,10,Glory to Rome,292
274637,16,"Unmatched: Battle of Legends, Volume One",293
150145,19,Skull King,294
286096,2,Tapestry,295
224783,2,Vindication,296
169426,23,Roll Player,297
311193,2,Anno 1800: The Board Game,298
300322,2,Hallertau,299
284189,13,Foundations of Rome,300
555,10,The Princes of Florence,301
156546,35,Monikers,302
323612,2,Bitoku,303
270633,12,Aeon's End: The New Age,304
375459,2,Speakeasy,305
198994,12,Hero Realms,306
228341,2,Pulsar 2849,307
297562,5,Kemet: Blood and Sand,308
9216,10,Goa,309
194655,25,Santorini,310
421,20,1830: Railways & Robber Barons,311
20551,10,Shogun,312
109276,8,Kanban: Driver's Edition,313
329500,2,Unconscious Mind,314
31481,9,Galaxy Trucker,315
277085,35,Love Letter,316
128621,8,Viticulture,317
400314,2,Apiary,318
230253,33,Star Realms: Frontiers,319
19777,20,Indonesia,320
244271,12,Dice Throne: Season Two – Battle Chest,321
356123,19,Turing Machine,322
284653,35,Mind MGMT: The Psychic Espionage “Game.”,323
349067,12,The Lord of the Rings: The Card Game – Revised Core Set,324
331106,12,The Witcher: Old World,325
127060,8,Bora Bora,326
370591,19,Dorfromantik: The Board Game,327
291572,20,Oath,328
204583,40,Kingdomino,329
760,20,Battle Line,330
140620,8,Lewis & Clark: The Expedition,331
27708,20,1960: The Making of the President,332
2655,10,Hive,333
298047,12,Marvel United,334
206718,22,Ethnos,335
223321,4,Detective: A Modern Crime Board Game,336
318184,12,Imperium: Classics,337
246784,35,Cryptid,338
305096,2,Endless Winter: Paleoamericans,339
144344,8,Rococo,340
27833,10,Steam,341
239188,25,Chronicles of Crime,342
262211,12,Cloudspire,343
50,10,Lost Cities,344
350316,2,Wayfarers of the South Tigris,345
139976,9,Cthulhu Wars,346
342810,2,Marrakesh,347
46213,25,Telestrations,348
108745,8,Seasons,349
92828,25,Dixit: Odyssey,350
146508,9,T.I.M.E Stories,351
385529,19,The Vale of Eternity,352
257499,12,Arkham Horror (Third Edition),353
332800,5,Summoner Wars (Second Edition),354
172,10,For Sale,355
160477,35,Onitama,356
111341,20,The Great Zimbabwe,357
302723,12,Forgotten Waters,358
350933,13,The Guild of Merchant Explorers,359
5,10,Acquire,360
295374,19,Long Shot: The Dice Game,361
155068,9,Arcadia Quest,362
333255,19,Keep the Heroes Out!,363
276182,2,Dead Reckoning,364
66589,8,Navegador,365
129622,39,Love Letter,366
176734,8,The Manhattan Project: Energy Empire,367
24181,10,Imperial,368
308119,20,Pax Renaissance: 2nd Edition,369
319966,20,The King Is Dead: Second Edition,370
345972,19,Cat in the Box: Deluxe Edition,371
97207,8,Dungeon Petz,372
311988,12,Frostpunk: The Board Game,373
260180,13,Project L,374
2653,25,Survive: Escape from Atlantis!,375
47,10,Chinatown,376
38453,9,Space Alert,377
54,10,Tikal,378
63888,10,Innovation,379
234277,8,Nusfjord,380
184921,13,Bunny Kingdom,381
22545,10,Age of Empires III: The Age of Discovery,382
209685,36,Century: Spice Road,383
379078,13,Expeditions,384
136888,8,Bruges,385
227789,8,Heaven & Ale,386
143693,8,Glass Road,387
155873,8,Power Grid Deluxe: Europe/North America,388
163967,23,Tiny Epic Galaxies,389
202426,20,Sidereal Confluence,390
245655,25,The King's Dilemma,391
446497,19,Hot Streak,392
411567,19,The Gang,393
354934,12,Legacy of Yu,394
154203,8,Imperial Settlers,395
188866,28,Awkward Guests: The Walton Case,396
336986,13,Flamecraft,397
54138,10,Imperial 2030,398
301880,2,Raiders of Scythia,399
181279,9,Fury of Dracula (Third/Fourth Edition),400
187617,12,Nemo's War (Second Edition),401
336382,12,Marvel United: X-Men,402
93260,9,Summoner Wars: Master Set,403
40692,9,Small World,404
285192,12,Destinies,405
48726,9,Alien Frontiers,406
318084,2,Furnace,407
59294,9,Runewars,408
203420,4,EXIT: The Game – The Abandoned Cabin,409
219650,12,Arydia: The Paths We Dare Tread,410
21241,9,Neuroshima Hex,411
304420,2,Bonfire,412
25292,9,Merchants & Marauders,413
271601,19,Feed the Kraken,414
246192,13,Gizmos,415
172081,26,Burgle Bros.,416
247367,35,"Air, Land, & Sea",417
345584,19,Mindbug: First Contact,418
219513,38,Bärenpark,419
172818,23,Above and Below,420
274638,16,Unmatched: Robin Hood vs. Bigfoot,421
193037,9,Dead of Winter: The Long Night,422
39856,25,Dixit,423
384213,19,Fromage,424
77130,9,Sid Meier's Civilization: The Board Game,425
176920,23,Mission: Red Planet (Second/Third Edition),426
128271,14,Ginkgopolis,427
297030,2,Tekhenu: Obelisk of the Sun,428
368173,19,Let's Go! To Japan,429
372,35,Schotten Totten,430
40354,20,Maria,431
140934,35,Arboretum,432
45315,8,Dungeon Lords,433
59959,9,Letters from Whitechapel,434
13122,20,Antiquity,435
155987,32,Abyss,436
351040,19,Ready Set Bet,437
70919,25,Takenoko,438
397385,2,Pirates of Maracaibo,439
8217,10,San Juan,440
199042,25,Harry Potter: Hogwarts Battle,441
246684,2,Smartphone Inc.,442
245934,8,Carpe Diem,443
181304,25,Mysterium,444
319910,19,Pagan: Fate of Roanoke,445
90137,9,Blood Bowl: Team Manager – The Card Game,446
146439,9,BattleLore: Second Edition,447
334986,19,Daybreak,448
195539,3,The Godfather: Corleone's Empire,449
357563,13,Akropolis,450
119890,8,Agricola: All Creatures Big and Small,451
434654,19,Toy Battle,452
37046,9,Ghost Stories,453
315767,13,Cartographers Heroes,454
41114,9,The Resistance,455
303057,18,Pan Am,456
318182,12,Imperium: Legends,457
334590,12,For Northwood! A Solo Trick-Taking Game,458
171,10,Chess,459
269210,17,Twice as Clever!,460
24480,10,The Pillars of the Earth,461
25554,10,Notre Dame,462
244711,2,Newton,463
417197,19,Rebirth,464
552,20,Bus,465
163745,9,Star Wars: Armada,466
260428,26,Fall of Rome,467
408180,2,Shackleton Base: A Journey to the Moon,468
284742,13,Honey Buzz,469
436126,13,Finspan,470
290484,12,Unsettled,471
177478,2,IKI,472
234487,8,Altiplano,473
206480,20,Imperial Struggle,474
39683,8,At the Gates of Loyang,475
15987,9,Arkham Horror,476
192458,23,51st State: Master Set,477
385610,2,Kutná Hora: The City of Silver,478
9217,10,Saint Petersburg,479
250458,2,Gùgōng,480
365258,13,World Wonders,481
386368,2,Ezra and Nehemiah,482
322708,12,Descent: Legends of the Dark,483
222509,9,Lords of Hellas,485
335764,16,"Unmatched: Battle of Legends, Volume Two",486
343905,2,Boonlake,487
92415,35,Skull,488
70323,9,King of Tokyo,489
194594,13,Dice Forge,490
367498,12,Horizons of Spirit Island,491
236191,2,London (Second Edition),492
342900,12,Earthborne Rangers,493
101721,9,Mage Wars Arena,494
352515,19,Trio,495
318243,19,Hitster,496
258210,6,Blitzkrieg!: World War Two in 20 Minutes,497
286751,12,Zombicide: 2nd Edition,498
368305,19,Life of the Amazonia,499
198773,25,Codenames: Pictures,500
316412,12,The LOOP,501
367041,2,Scholars of the South Tigris,502
381297,16,Unmatched Adventures: Tales to Amaze,503
315610,12,Massive Darkness 2: Hellscape,504
128671,9,Spartacus: A Game of Blood and Treachery,505
298069,13,Cubitos,506
31594,10,In the Year of the Dragon,507
215311,40,Downforce,508
379629,19,Knarr,509
256226,36,Azul: Stained Glass of Sintra,510
21348,10,Ticket to Ride: Märklin,511
328565,19,Caper: Europe,512
33160,10,Endeavor,513
34219,10,Biblios,514
356033,13,Libertalia: Winds of Galecrest,515
292375,2,The Great Wall,516
293141,5,King of Tokyo: Dark Edition,517
1,10,Die Macher,518
166669,8,San Juan (Second Edition),519
265736,13,Tiny Towns,520
138161,9,Firefly: The Game,521
420087,19,Flip 7,522
151347,27,Millennium Blades,523
144592,8,Bruxelles 1893,524
262543,35,Wavelength,526
325635,16,Unmatched: Little Red Riding Hood vs. Beowulf,528
355093,2,Woodcraft,529
182134,39,Evolution: Climate,530
156858,20,Black Orchestra,531
220,10,High Society,532
66188,8,Fresco,533
338834,19,MicroMacro: Crime City – Full House,534
229220,8,Santa Maria,535
100901,9,Flash Point: Fire Rescue,536
503,10,Through the Desert,537
17392,20,Here I Stand,538
186751,9,Mythic Battles: Pantheon,539
170771,12,Sword & Sorcery: Immortal Souls,540
251658,12,Sprawlopolis,541
27162,10,Kingsburg,542
353288,13,Trekking Through History,543
11,10,Bohnanza,544
18833,10,The Lord of the Rings: The Confrontation,546
204305,4,Sherlock Holmes Consulting Detective: Jack the Ripper & West End Adventures,547
154809,8,Nippon,548
454103,19,Magical Athlete,549
62222,20,Commands & Colors: Napoleonics,550
55670,8,Macao,551
12942,10,No Thanks!,552
192153,9,Reign of Cthulhu,553
161614,25,Stockpile,554
144189,20,Fire in the Lake,555
158899,25,Colt Express,556
124708,9,Mice and Mystics,557
40765,9,Clash of Cultures,558
216600,13,Fantastic Factories,559
264241,35,Mandala,560
359438,2,Skymines,561
205398,5,Citadels,562
63628,8,The Manhattan Project,563
383607,2,Barcelona,564
290359,20,Undaunted: North Africa,565
295564,16,Unmatched Game System,566
36932,9,Claustrophobia,567
175095,12,Dawn of the Zeds (Third Edition),568
96913,8,Lancaster,569
269144,17,Hadara,571
256952,25,Zombie Kidz Evolution,573
307002,19,Regicide,574
215341,23,Thunderstone Quest,576
283393,13,Aquatica,577
66362,10,Glen More,578
404431,2,Men-Nefer,579
239942,5,Black Rose Wars,580
176396,32,Quadropolis,581
353545,19,Next Station: London,582
79828,20,A Few Acres of Snow,583
478,10,Citadels,584
293296,19,Splendor: Marvel,585
43570,12,Friday,586
194607,23,Mystic Vale,587
242705,12,Aeon Trespass: Odyssey,588
169427,12,Middara: Unintentional Malum – Act 1,589
256730,2,Pipeline,590
290236,13,Canvas,592
180974,13,Potion Explosion,593
20437,22,Lords of Vegas,594
98778,25,Hanabi,595
422732,19,Agent Avenue,596
270844,23,Imperial Settlers: Empires of the North,597
274960,13,Point Salad,598
5404,10,Amun-Re,599
226522,4,EXIT: The Game – Dead Man on the Orient Express,600
136063,25,Forbidden Desert,601
233312,12,Stuffed Fables,602
137408,8,Amerigo,603
162082,8,Deus,604
340466,12,Unfathomable,605
193042,35,Junk Art,607
21790,10,Thurn and Taxis,608
157969,25,Sheriff of Nottingham,609
6249,10,Alhambra,610
150658,26,Pandemic: The Cure,611
240196,4,Betrayal Legacy,612
83330,9,Mansions of Madness,613
266830,35,QE,614
13,11,Catan,615
348450,2,Lacrimosa,616
381248,12,Nemesis: Retaliation,617
191862,15,Imhotep,618
17226,9,Descent: Journeys in the Dark,619
117959,10,Las Vegas,620
336794,19,Galaxy Trucker (Second Edition),621
105134,9,Risk Legacy,622
318009,13,Dinosaur Island: Rawr 'n Write,623
232414,5,Oceans,624
712,9,Blood Bowl (Third Edition),625
156009,17,Port Royal,626
284435,17,Nova Luna,627
245654,31,Railroad Ink: Deep Blue Edition,628
371433,19,Terrorscape,629
142379,2,Escape Plan,630
197376,4,Charterstone,631
9674,10,Ingenious,632
84419,20,Space Empires 4X,633
387866,1,Star Wars: Unlimited,634
144797,27,Argent: The Consortium,635
177639,35,Raptor,636
218074,12,Detective: City of Angels,637
406652,19,Compile,638
153938,25,Camel Up,639
97786,9,Small World Underground,640
28023,25,Jamaica,641
252328,9,Star Wars: X-Wing (Second Edition),642
196326,25,Love Letter: Premium Edition,643
62227,20,"Labyrinth: The War on Terror, 2001 – ?",644
31730,10,Wabash Cannonball,645
31999,10,TZAAR,646
371330,2,Luthier,647
91312,39,Discworld: Ankh-Morpork,648
280794,12,Etherfields,649
18,10,RoboRally,650
128996,20,1775: Rebellion,651
146791,9,Shadows of Brimstone: City of the Ancients,652
245961,13,Fleet: The Dice Game,653
133473,25,Sushi Go!,654
181530,9,Runebound (Third Edition),655
262215,2,Blackout: Hong Kong,656
415776,12,Kingdom Legacy: Feudal Kingdom,657
170624,32,Crusaders: Thy Will Be Done,658
17405,20,1846: The Race for the Midwest,659
296237,12,Warp's Edge,660
171668,39,The Grizzled,661
125618,25,Libertalia,662
170561,23,Valeria: Card Kingdoms,663
183251,25,Karuba,664
424219,19,Zenith,665
119506,18,Freedom: The Underground Railroad,666
341945,2,La Granja: Deluxe Master Set,667
97842,8,Last Will,668
172308,42,Broom Service,669
346965,13,Azul: Queen's Garden,670
307305,12,Bullet♥︎,671
90419,10,Airlines Europe,672
163968,8,Elysium,673
127398,17,Legends of Andor,674
264055,13,Draftosaurus,675
432,10,Take 5,676
284777,16,Unmatched: Jurassic Park – InGen vs Raptors,677
147949,25,One Night Ultimate Werewolf,678
206941,8,First Class: All Aboard the Orient Express!,679
248490,23,Atlantis Rising (Second Edition),681
2346,10,DVONN,682
221965,35,The Fox in the Forest,683
425549,19,Moon Colony Bloodbath,684
27173,10,Vikings,685
133848,3,Euphoria: Build a Better Dystopia,687
362944,5,War of the Ring: The Card Game,688
256999,12,Project: ELITE,690
328866,1,My Father's Work,691
65781,10,London,692
475,10,Taj Mahal,693
22827,9,StarCraft: The Board Game,694
213460,37,Unlock!: Escape Adventures,695
15363,9,Nexus Ops,696
304051,13,Creature Comforts,697
265402,2,In the Hall of the Mountain King,698
105551,8,Archipelago,700
95527,8,Madeira,701
346501,19,Mille Fiori,702
699,9,HeroQuest,704
281655,20,High Frontier 4 All,705
232043,40,Queendomino,706
27746,10,Colosseum,707
237179,2,Weather Machine,708
216734,12,Dice Throne: Season One,709
347703,13,First Rat,710
345868,2,Federation,712
42215,42,Tobago,714
193949,9,Star Trek: Ascendancy,715
130960,20,Triumph & Tragedy: European Balance of Power 1936-1945,716
131357,25,Coup,717
46,10,Medici,718
354570,20,Undaunted: Stalingrad,719
266121,37,Unlock!: Heroic Adventures,720
42052,8,Vinhos,721
380619,19,Cyclades: Legendary Edition,722
244115,23,Shards of Infinity,723
337765,5,Brian Boru: High King of Ireland,724
269511,2,Cooper Island,725
159508,8,AquaSphere,726
369880,2,Beer & Bread,727
128780,20,Pax Porfiriana,728
363247,19,Azul: Master Chocolatier,729
5782,10,Coloretto,730
111799,20,Cuba Libre,731
58421,10,Egizia,732
355483,19,Wandering Towers,733
291845,13,Three Sisters,734
23540,20,Shikoku 1889,735
875,20,Roads & Boats,736
298383,2,Golem,737
190082,35,Whitehall Mystery,738
329551,2,Mosaic: A Story of Civilization,739
192836,8,The Colonists,740
286063,12,The 7th Citadel,741
370913,26,Star Wars: The Clone Wars,742
141572,35,Paperback,743
39351,10,Automobile,744
9625,20,Struggle of Empires,745
153016,25,Telestrations: 12 Player Party Pack,746
244114,10,Yellow & Yangtze,747
270673,13,Silver & Gold,748
298231,2,Skyrise,749
224710,9,Zombicide: Green Horde,750
2398,10,Cribbage,751
140603,8,Francis Drake,752
403441,2,Windmill Valley,753
135779,35,A Fake Artist Goes to New York,754
123123,9,BattleCON: Devastation of Indines,755
113924,9,Zombicide,757
328479,19,Living Forest,758
273330,12,Bloodborne: The Board Game,759
6472,9,A Game of Thrones,760
334065,13,Verdant,761
399941,19,River of Gold,762
13004,10,The Downfall of Pompeii,763
41,10,Can't Stop,765
262941,20,Dominant Species: Marine,766
143519,37,Quantum,767
37904,9,Formula D,768
306040,2,Merv: The Heart of the Silk Road,769
10547,9,Betrayal at House on the Hill,770
160010,9,Conan,771
347305,2,Inventions: Evolution of Ideas,772
135219,9,The Battle of Five Armies,773
258036,13,Between Two Castles of Mad King Ludwig,774
155703,39,Evolution,775
440540,19,Take Time,776
42776,9,Gears of War: The Board Game,777
368061,35,Zoo Vadis,778
107529,10,Kingdom Builder,779
171499,38,Cacao,780
326494,12,The Adventures of Robin Hood,781
1353,10,Time's Up!,782
180593,32,The Bloody Inn,783
24508,10,Taluva,784
3685,20,Hammer of the Scots,785
233247,5,Civilization: A New Dawn,786
174785,20,Mare Nostrum: Empires,787
209778,25,Magic Maze,788
100423,9,Elder Sign,789
300905,19,Top Ten,790
361545,12,Twilight Inscription,791
204472,12,Sub Terra,792
306881,31,Railroad Ink Challenge: Lush Green Edition,793
169255,9,A Game of Thrones: The Card Game (Second Edition),794
270239,5,Moonrakers,795
300300,12,Chronicles of Crime: 1400,796
283864,17,Trails of Tucana,797
3201,10,Lord of the Rings: The Confrontation,798
316624,20,Stationfall,799
205359,9,Star Wars: Destiny,800
21763,10,Mr. Jack,801
163839,2,Feudum,802
218603,36,Photosynthesis,803
266164,10,Babylonia,804
202670,41,Ticket to Ride: Rails & Sails,805
163166,25,One Night Ultimate Werewolf: Daybreak,806
338957,35,Caesar!: Seize Rome in 20 Minutes!,807
212445,9,Blood Bowl (2016 Edition),808
214880,2,Chicago 1875: City of the Big Shoulders,809
346703,13,7 Wonders: Architects,810
444481,19,Star Wars: Battle of Hoth,811
121408,8,Trains,812
296912,5,Fort,813
69789,9,Ascension: Deckbuilding Game,814
132018,20,Churchill,815
279613,37,Unlock!: Timeless Adventures,816
29603,20,D-Day at Omaha Beach,817
193558,8,The Oracle of Delphi,818
283863,2,The Magnificent,819
2955,10,Mexica,820
113294,25,Escape: The Curse of the Temple,821
254708,12,Roll Player Adventures,822
249381,20,The Estates,824
242639,35,Treasure Island,825
284760,34,Disney Villainous: Evil Comes Prepared,826
220517,35,The Shipwreck Arcana,827
148729,12,Maquis,828
88,10,Torres,829
231581,1,AuZtralia,830
301255,2,Whistle Mountain,831
180511,8,Shakespeare,832
183840,8,Oh My Goods!,833
198953,20,Pax Renaissance,834
318560,2,Witchstone,835
123540,25,Tokaido,836
331787,12,Tiny Epic Dungeons,837
71721,9,Space Hulk: Death Angel – The Card Game,838
241590,19,Smart10,839
167400,9,Ashes Reborn: Rise of the Phoenixborn,840
30380,10,Cuba,841
267609,5,Guards of Atlantis II,843
119432,8,Snowdonia,844
363307,13,Evergreen,845
7717,10,Carcassonne: The Castle,846
156336,12,Onirim (Second Edition),847
50750,8,Belfort,848
434906,19,Tag Team,849
358320,12,Sleeping Gods: Distant Skies,850
1465,17,Wizard,851
154825,20,Arkwright,852
244608,35,Menara,853
168584,25,Love Letter: Batman,854
20100,25,Wits & Wagers,855
257501,11,KeyForge: Call of the Archons,856
394106,19,Everdell Farshore,857
280480,2,Crystal Palace,858
213893,32,Yamataï,859
357873,19,The Old King's Crown,860
183562,9,Star Wars: X-Wing Miniatures Game – The Force Awakens Core Set,861
299169,19,Spicy,862
422541,12,Star Trek: Captain's Chair,863
45,10,Perudo,864
70512,8,Luna,865
238799,2,Messina 1347,866
126792,8,Myrmes,867
203416,4,EXIT: The Game – The Pharaoh's Tomb,868
146278,8,Tash-Kalar: Arena of Legends,869
270970,36,Century: A New World,870
367518,12,Imperium: Horizons,871
483,20,Diplomacy,872
143741,25,BANG! The Dice Game,873
165401,20,Wir sind das Volk!,874
281442,2,Trismegistus: The Ultimate Formula,875
299684,2,Khôra: Rise of an Empire,876
256788,35,Detective Club,877
351817,12,Marvel Zombies: A Zombicide Game,878
316546,17,Clever Cubed,879
232219,14,Dragon Castle,880
121288,25,Dixit: Journey,881
158435,22,Dogs of War,883
223770,35,Startups,884
358737,12,Leviathan Wilds,885
255692,27,New Frontiers,886
373600,12,Cthulhu: Death May Die – Fear of the Unknown,887
134726,39,Smash Up: Awesome Level 9000,888
143515,8,Coal Baron,889
15512,10,Diamant,890
2453,10,Blokus,891
11825,20,Empire of the Sun: The Pacific War 1941-1945,892
40628,10,Finca,893
303731,12,Primal: The Awakening,894
73761,38,K2,895
168435,30,Between Two Cities,896
242574,36,Century: Eastern Wonders,897
72321,21,The Networks: Primetime,898
372559,19,Spots,899
382843,2,Evacuation,900
424981,19,Eternal Decks,901
264052,2,Circadians: First Light,902
226320,25,My Little Scythe,903
244331,35,Blue Lagoon,904
314503,19,Codex Naturalis,905
241724,13,Villagers,906
21882,10,Blue Moon City,907
393672,12,Gloomhaven: Buttons & Bugs,908
162007,8,Steampunk Rally,909
253499,5,A War of Whispers,910
16747,10,Tumblin' Dice,911
218333,25,Rhino Hero: Super Battle,912
51,10,Ricochet Robots,914
244228,13,Reef,915
87890,2,Prêt-à-Porter,916
342444,12,Black Rose Wars: Rebirth,917
276498,31,Paris: La Cité de la Lumière,918
155624,25,Specter Ops,919
173064,20,Leaving Earth,920
393325,19,Captain Flip,921
181521,9,Warhammer Quest: The Adventure Card Game,922
407297,13,River Valley Glassworks,923
352418,19,Fliptown,924
8125,10,Santiago,925
387780,2,Rats of Wistar,926
300877,13,New York Zoo,927
313889,12,Hoplomachus: Victorum,929
169654,35,Deep Sea Adventure,930
214029,20,SpaceCorp: 2025-2300AD,932
22345,10,Yspahan,933
160495,8,ZhanGuo,934
9823,20,Advanced Squad Leader: Starter Kit #1,935
68425,15,Eminent Domain,937
214887,2,CO₂: Second Chance,938
441696,19,Sanctuary,939
447243,19,Duel for Cardia,940
181687,24,The Pursuit of Happiness,941
198740,3,Lovecraft Letter,942
220520,8,Caverna: Cave vs Cave,943
204516,20,878 Vikings: Invasions of England,944
332290,13,Stardew Valley: The Board Game,945
251678,31,Railroad Ink: Blazing Red Edition,946
256382,34,Disney Villainous: The Worst Takes it All,947
200147,25,Kanagawa,948
31563,9,Middle-Earth Quest,949
47185,9,Warhammer: Invasion,950
116998,9,Thunderstone Advance: Towers of Ruin,951
198830,23,"Heroes of Land, Air & Sea",952
218121,13,Dice Hospital,953
256570,8,Crown of Emara,954
393429,19,Critter Kitchen,955
359970,19,Challengers!,956
338760,2,Imperial Steam,957
385331,19,Creature Caravan,958
294612,37,Unlock!: Epic Adventures,959
201825,36,Ex Libris,961
239472,0,Abomination: The Heir of Frankenstein,962
249277,2,Brazil: Imperial,963
254386,23,Raccoon Tycoon,964
285984,12,Last Bastion,965
231218,12,Black Sonata,966
161417,35,Red7,967
156943,8,Saint Petersburg (Second Edition),968
271319,19,Las Vegas Royale,969
194879,25,Not Alone,970
179172,23,Unfair,971
203417,4,EXIT: The Game – The Secret Lab,972
55600,8,Shipyard,973
234477,5,Battle for Rokugan,974
277700,13,Merchants Cove,975
43528,8,World Without End,977
175117,25,Celestia,978
272739,2,Clinic: Deluxe Edition,979
162286,38,Super Motherload,980
281549,19,Beast,982
402676,19,Cities,983
377470,19,Sail,984
354544,16,Unmatched: Houdini vs. The Genie,985
387378,19,MLEM: Space Agency,986
329845,19,Stella: Dixit Universe,987
131260,17,Qwixx,988
217780,8,Gentes,989
170416,5,Vast: The Crystal Caverns,990
173442,8,Empires: Age of Discovery,991
131287,8,Panamax,992
275467,35,Letter Jam,993
297129,19,Jekyll vs. Hyde,994
270314,13,Ohanami,995
56692,10,Parade,996
160499,25,King of New York,997
30645,10,Tammany Hall,998
227460,20,Hannibal & Hamilcar,999
267319,24,Roam,1000
219215,35,Werewords,1001
196526,12,Coffee Roaster,1002
192457,9,Cry Havoc,1003
218479,2,Cerebria: The Inside World,1004
122298,29,Morels,1005
176165,29,Dale of Merchants,1006
2093,10,Mahjong,1008
317457,13,Dinosaur World,1011
197443,35,Fugitive,1012
284818,22,Caylus 1303,1013
230244,2,Black Angel,1014
216459,12,The Lost Expedition,1015
91872,9,Dungeons & Dragons: The Legend of Drizzt Board Game,1016
393333,2,Galileo Galilei,1017
156566,25,Lords of Xidit,1018
65244,25,Forbidden Island,1019
245643,15,Luxor,1020
137988,9,Zombicide Season 2: Prison Outbreak,1021
191051,0,Outlive,1022
228867,37,Unlock!: Mystery Adventures,1023
36235,15,The Duke,1024
234671,26,Pandemic: Rising Tide,1025
239307,37,Unlock!: Secret Adventures,1026
422674,2,Saltfjord,1027
252153,23,Tang Garden,1028
110277,8,Among the Stars,1029
395375,19,Art Society,1030
528,10,ZÈRTZ,1031
163602,9,XCOM: The Board Game,1032
228328,5,Rurik: Dawn of Kiev,1033
91514,25,Rhino Hero,1036
295293,12,The Thing: The Boardgame,1037
12891,20,Friedrich: Anniversary Edition,1038
26990,10,Container,1039
26997,20,1989: Dawn of Freedom,1040
420805,2,Black Forest,1041
103886,9,Star Wars: The Card Game,1043
296108,13,Terraforming Mars: The Dice Game,1044
41002,8,Vasco da Gama,1046
145659,21,Scoville,1047
179803,9,Arcadia Quest: Inferno,1048
904,10,Nightmare Productions,1049
281474,12,Lands of Galzyr,1050
295262,5,Sniper Elite: The Board Game,1051
324090,2,Scarface 1920,1052
112,10,Condottiere,1053
12962,10,Reef Encounter,1054
239464,12,Palm Island,1055
248065,12,Zombicide: Invader,1056
368058,2,The Wolves,1057
210296,21,DinoGenics,1058
352574,13,Fit to Print,1059
396989,2,Evenfall,1060
329465,13,Red Rising,1061
374595,19,Kelp: Shark vs Octopus,1062
343562,12,Horrified: American Monsters,1063
155362,25,Ca$h 'n Guns: Second Edition,1064
235488,17,Istanbul: The Dice Game,1065
300217,2,Merchants of the Dark Road,1067
119788,8,Hyperborea,1068
334011,13,A Gentle Rain,1069
25669,25,Qwirkle,1070
291508,23,Tiny Epic Dinosaurs,1071
38996,20,Washington's War,1073
12902,10,Carcassonne: The City,1074
28181,20,Combat Commander: Pacific,1075
177590,20,"13 Days: The Cuban Missile Crisis, 1962",1077
197405,35,Tak,1080
296345,4,Sherlock Holmes Consulting Detective: The Baker Street Irregulars,1081
272738,25,Jaws,1082
11971,35,Cockroach Poker,1083
422780,12,Mistborn: The Deckbuilding Game,1084
402283,19,Courtisans,1085
172931,25,Outfoxed!,1086
154458,29,Akrotiri,1087
1041,10,San Marco,1088
117915,8,Yedo,1089
360265,2,Sabika,1090
252526,35,Pictomania (Second Edition),1091
326945,13,Castles of Mad King Ludwig: Collector's Edition,1092
98229,8,Pictomania,1093
271529,31,Botanik,1094
325022,2,Coffee Traders,1095
329873,12,Grove: 9 card solitaire game,1096
420498,12,Unstoppable,1097
166384,25,Spyfall,1098
94,10,Union Pacific,1099
148319,9,Tragedy Looper,1100
327778,19,ito,1101
281466,2,Yedo: Deluxe Master Set,1102
303553,12,Skulls of Sedlec,1103
125678,9,DC Deck-Building Game,1104
160851,25,Lanterns: The Harvest Festival,1105
238992,23,Call to Adventure,1106
318553,17,Rajas of the Ganges: The Dice Charmers,1107
129948,8,The Palaces of Carrara,1108
244992,35,The Mind,1109
199966,23,Kingsburg (Second Edition),1110
300753,19,Cross Clues,1111
195137,6,Catacombs (Third Edition),1112
293207,12,Eila and Something Shiny,1113
59946,9,Dungeons & Dragons: Castle Ravenloft Board Game,1114
362452,2,Atiwa,1115
318983,10,Faiyum,1118
113997,25,Tajemnicze Domostwo,1119
202408,25,Adrenaline,1120
305682,13,Rolling Realms,1122
233262,13,Tidal Blades: Heroes of the Reef,1123
207830,25,5-Minute Dungeon,1124
298065,13,Santa Monica,1125
147151,25,Concept,1126
309630,34,Small World of Warcraft,1127
242804,8,Lowlands,1128
193214,25,Meeple Circus,1129
340041,13,Kingdomino Origins,1130
223953,28,Kitchen Rush,1131
245487,12,Orchard: 9 card solitaire game,1132
393165,2,Inferno,1133
381249,19,Rebel Princess,1136
35570,10,Tinners' Trail,1137
177678,8,Signorie,1138
313010,5,Cosmic Encounter: 42nd Anniversary Edition,1139
375651,19,That's Not a Hat,1140
284108,19,Pictures,1141
9440,10,Maharaja: The Game of Palace Building in India,1142
270971,3,Era: Medieval Age,1143
368017,13,Point City,1145
18098,20,Napoleon's Triumph,1146
402679,2,Rock Hard: 1977,1148
425428,19,Survive The Island,1149
203427,40,Fabled Fruit,1150
391795,12,Kinfire Delve: Vainglory's Grotto,1151
108906,38,Thunder Alley,1152
368432,13,The Fox Experiment,1153
191977,8,The Castles of Burgundy: The Card Game,1154
8203,10,"Hey, That's My Fish!",1155
266722,19,Rumble Nation,1156
66356,9,Dungeons & Dragons: Wrath of Ashardalon Board Game,1157
201921,23,Tiny Epic Quest,1158
276894,41,Ticket to Ride: London,1159
335212,12,Sentinels of the Multiverse: Definitive Edition,1160
154086,8,Gold West,1161
41066,20,Virgin Queen,1163
26566,10,Homesteaders,1164
172047,9,The Others,1165
681,10,Quarto,1167
212402,25,The Grimm Forest,1168
245476,19,CuBirds,1169
295607,13,Canopy,1170
158889,9,Summoner Wars: Alliances Master Set,1171
66056,17,Rivals for Catan,1172
195560,23,Wasteland Express Delivery Service,1173
352697,12,Resist!,1174
15817,10,Manila,1175
241266,33,Little Town,1176
229892,20,Container: 10th Anniversary Jumbo Edition!,1177
227515,8,Riverboat,1178
228504,14,Cat Lady,1179
139898,3,Brew Crafters,1180
279254,24,Ecos: First Continent,1181
153065,10,Linko,1182
342848,26,World of Warcraft: Wrath of the Lich King,1184
151004,39,Smash Up: Science Fiction Double Feature,1185
360692,2,Septima,1186
98351,15,Core Worlds,1188
383499,12,Witchcraft!,1189
177524,25,ICECOOL,1190
195314,13,Herbaceous,1191
40793,18,Dice Town,1192
169124,25,Flick 'em Up!,1193
52461,8,Legacy: The Testament of Duke de Crecy,1194
191300,29,Archaeology: The New Expedition,1195
1382,10,Winner's Circle,1196
242722,20,Here I Stand: 500th Anniversary Edition,1198
287084,5,Oriflamme,1199
284121,12,Uprising: Curse of the Last Emperor,1200
206915,19,Tempel des Schreckens,1202
362986,19,Tribes of the Wind,1203
134352,25,Two Rooms and a Boom,1204
386405,19,Come Sail Away!,1206
244654,9,Wildlands,1208
37628,10,Haggis,1209
65901,10,Age of Industry,1210
293889,23,Fallout Shelter: The Board Game,1211
228855,12,Set a Watch,1212
132028,20,Conflict of Heroes: Awakening the Bear! – Operation Barbarossa 1941 (Second Edition),1213
217861,28,Paper Tales,1214
204027,8,Cottage Garden,1215
161882,20,Irish Gauge,1216
347137,25,Chronicles of Avel,1217
300327,30,The Castles of Tuscany,1218
387514,13,Stonespine Architects,1219
350636,37,Unlock!: Game Adventures,1221
66505,10,The Speicherstadt,1222
205597,27,Jump Drive,1223
72287,25,Mr. Jack Pocket,1224
376683,19,In the Footsteps of Darwin,1225
322616,19,Comic Hunters,1226
299960,2,Alma Mater,1227
381278,19,Dracula vs Van Helsing,1229
176371,13,Explorers of the North Sea,1230
157403,25,Black Fleet,1231
35497,10,Fauna,1232
16992,25,Tsuro,1234
261114,35,Men at Work,1235
302098,12,Chronicles of Crime: 1900,1236
281194,35,Flick of Faith,1237
141517,20,A Study in Emerald,1238
218509,23,Empires of the Void II,1239
242684,2,Reavers of Midgard,1240
224597,9,Warhammer Underworlds: Shadespire,1242
306481,2,Tawantinsuyu: The Inca Empire,1243
284936,2,Café,1246
194517,12,Super Fantasy Brawl,1247
171669,8,Discoveries: The Journals of Lewis & Clark,1248
310448,25,Zombie Teenz Evolution,1249
419195,19,Fishing,1250
253284,41,Ticket to Ride: New York,1251
182340,9,Star Trek: Frontiers,1252
19600,10,Antike,1253
164949,20,"Time of Crisis: The Roman Empire in Turmoil, 235-284 AD",1254
359152,19,Marvel: Remix,1255
199383,2,Calimala,1256
377061,19,Coffee Rush,1257
367517,2,La Famiglia: The Great Mafia War,1258
206051,35,Insider,1259
200853,13,Habitats,1260
322622,13,Floriferous,1261
146312,25,Ghost Fightin' Treasure Hunters,1262
181796,8,The Prodigals Club,1263
276042,32,Conspiracy: Abyss Universe,1264
150999,29,Valley of the Kings,1265
270871,12,Agemonia,1266
298638,25,Sheriff of Nottingham: 2nd Edition,1267
274124,5,Northgard: Uncharted Lands,1268
75449,8,Firenze,1269
438402,19,Forest Shuffle: Dartmoor,1270
175199,20,Mottainai,1271
217449,17,NMBR 9,1274
123570,35,Strike,1276
245422,35,Werewords Deluxe Edition,1277
233571,9,Star Wars: Legion,1278
200077,40,Mint Works,1279
301767,34,Mysterium Park,1280
156776,9,"Warhammer 40,000: Conquest",1281
299317,12,Aeon's End: Outcasts,1282
200954,8,Fields of Green,1283
408637,2,The Anarchy,1284
230933,8,Merlin,1285
358504,5,Betrayal at House on the Hill: 3rd Edition,1286
157809,8,Nations: The Dice Game,1287
340677,13,Bad Company,1288
456440,19,Cozy Stickerville,1290
122522,9,Smash Up,1291
208024,12,The Reckoners,1292
180680,27,Automobiles,1294
271615,35,The Quest for El Dorado: The Golden Temples,1295
388367,20,Innovation Ultimate,1296
191231,8,Via Nebula,1297
347811,12,Too Many Bones: Unbreakable,1298
358557,19,The Search for Lost Species,1300
185589,23,Islebound,1301
246761,19,Cahoots,1303
194880,38,Dream Home,1304
328908,12,The Initiative,1305
366162,17,Clever 4Ever,1306
366994,13,Bonsai,1308
130176,25,Tales & Games: The Hare & the Tortoise,1309
223750,35,Hardback,1310
173090,17,The Game,1311
273477,25,Obscurio,1312
252752,13,Genotype: A Mendelian Genetics Game,1313
411875,19,Pixies,1314
129736,35,Cockroach Poker Royal,1315
136991,25,Loony Quest,1316
145639,37,Coconuts,1317
355433,19,boop.,1318
351526,2,Encyclopedia,1319
256589,38,Rallyman: GT,1320
348220,12,Deep Rock Galactic: The Board Game,1321
359402,5,Ahoy,1323
35052,20,Axis & Allies Anniversary Edition,1324
198454,25,When I Dream,1325
330592,19,Phantom Ink,1326
353470,1,Star Wars: Jabba's Palace – A Love Letter Game,1327
24068,9,Shadow Hunters,1328
207691,8,Railroad Revolution,1329
284778,16,Unmatched: Jurassic Park – Dr. Sattler vs. T. Rex,1330
168917,39,Smash Up: Pretty Pretty Smash Up,1331
165838,9,Space Hulk (Fourth Edition),1332
206931,17,Encore!,1333
232918,9,Fallout,1334
141423,23,Dead Men Tell No Tales,1339
302425,37,Unlock!: Mythic Adventures,1340
310632,13,Dice Miner,1341
371077,2,Arborea,1342
55427,32,Mr. Jack in New York,1343
425005,19,Everdell Duo,1344
281526,12,The Isofarian Guard,1345
340325,12,Vagrantsong,1346
424774,19,Dorfromantik: Sakura,1347
127518,20,A Distant Plain,1348
373167,12,20 Strong,1349
163154,20,Falling Sky: The Gallic Revolt Against Caesar,1350
342562,12,ROVE: Results-Oriented Versatile Explorer,1351
412865,19,Foundations of Metropolis,1352
297985,20,Battle Line: Medieval,1353
294693,35,Nokosu Dice,1354
17329,25,Animal Upon Animal,1355
311715,12,Mini Rogue,1356
69779,20,Polis: Fight for the Hegemony,1357
278,10,Catan Card Game,1358
268586,38,6 nimmt! 25 Jahre,1359
104363,9,Rex: Final Days of an Empire,1360
158275,9,Marvel Dice Masters: Uncanny X-Men,1361
161866,9,Zombicide Season 3: Rue Morgue,1362
22825,9,Tide of Iron,1363
371932,19,Explorers of Navoria,1364
72225,8,CO₂,1365
160018,39,Smash Up: Monster Smash,1366
145371,20,Three Kingdoms Redux,1367
326933,16,Unmatched: Redemption Row,1369
309110,12,Food Chain Island,1370
327,10,Loopin' Louie,1371
406291,19,스플렌더: Pokémon (Splendor: Pokémon),1372
341530,13,Super Mega Lucky Box,1373
18100,10,China,1374
344554,19,Décorum,1375
66837,20,1862: Railway Mania in the Eastern Counties,1376
143884,25,Machi Koro,1378
142326,25,Eight-Minute Empire: Legends,1379
37836,20,"Julius Caesar: Caesar, Pompey, and the Roman Civil War",1380
354,10,Stick 'Em,1381
268620,19,Similo,1382
298102,19,Roll Camera!: The Filmmaking Board Game,1383
833,20,For the People,1384
271869,13,Sushi Roll,1385
244536,23,Tiny Epic Zombies,1387
207243,12,The City of Kings,1389
350205,20,Horseless Carriage,1390
222514,12,Batman: Gotham City Chronicles,1391
407343,19,Ironwood,1392
91080,20,Andean Abyss,1393
154246,8,La Isla,1394
365104,13,Planted: A Game of Nature & Nurture,1396
240855,13,Lockup: A Roll Player Tale,1397
244049,8,Forum Trajanum,1398
301257,2,Maglev Metro,1399
398,10,Botswana,1400
422332,19,Star Wars: The Deckbuilding Game – Clone Wars Edition,1402
1822,20,Wilderness War,1403
425445,2,Sweet Lands,1404
180899,10,Ponzi Scheme,1405
338093,13,Ancient Knowledge,1406
282954,2,Paris,1407
256606,13,Spirits of the Wild,1408
213266,35,Circle the Wagons,1410
229265,8,Wendake,1411
233961,19,Claim,1412
1115,10,Poker,1413
436215,19,The Hobbit: There and Back Again,1414
434367,2,Nippon: Zaibatsu,1415
326934,16,Unmatched: Hell's Kitchen,1417
188547,12,Maximum Apocalypse,1418
338628,13,Trails,1420
163642,8,Chimera Station,1421
291859,19,Riftforce,1422
241477,25,Karak,1423
386166,19,Santorini: Pantheon Edition,1424
44163,10,Power Grid: Factory Manager,1425
332386,13,Brew,1427
82168,25,Escape from the Aliens in Outer Space,1428
392023,19,Mycelia,1429
225482,35,Seas of Strife,1430
152162,35,Diamonds,1431
192074,35,Odin's Ravens (Second Edition),1432
345976,5,System Gateway (fan expansion for Android: Netrunner),1433
85897,9,Thunderstone: Dragonspire,1434
403754,19,Middle Ages,1435
397931,19,Deep Regrets,1436
302388,18,Back to the Future: Back in Time,1437
331820,13,Rolling Heights,1438
314088,12,Agropolis,1440
183880,9,Risk: Star Wars Edition,1441
369646,34,Disney Lorcana,1443
197070,9,Massive Darkness,1446
164265,25,Witness,1448
257614,35,Tussie Mussie,1449
338376,20,A Gest of Robin Hood,1450
207336,8,Honshū,1451
156091,9,Sons of Anarchy: Men of Mayhem,1452
254127,20,Europa Universalis: The Price of Power,1453
228660,9,Betrayal at Baldur's Gate,1454
344258,35,That Time You Killed Me,1455
104020,10,Vanuatu,1456
219101,20,Pavlov's House,1457
149155,1,Dead Man's Draw,1458
257518,9,Claustrophobia 1643,1460
298371,13,Wild Space,1462
216092,25,Unlock!: Escape Adventures – Squeek & Sausage,1464
184151,9,Legend of the Five Rings: The Card Game,1465
16395,10,Blokus Duo,1466
293835,1,Oltréé,1467
295785,12,Euthia: Torment of Resurrection,1468
386937,35,Lacuna,1469
226520,4,EXIT: The Game – The Sinister Mansion,1470
195162,25,Plague Inc.: The Board Game,1471
339958,2,Gutenberg,1473
318472,20,Blood Bowl: Second Season Edition,1474
382518,2,Sankoré: The Pride of Mansa Musa,1475
366683,2,Raising Robots,1476
364766,19,MicroMacro: Crime City – All In,1477
272380,35,SHŌBU,1479
221318,8,Whistle Stop,1481
327711,13,It's a Wonderful Kingdom,1482
256997,2,Perseverance: Castaway Chronicles – Episodes 1 & 2,1484
89409,9,BattleCON: War of Indines,1485
408547,19,Things in Rings,1486
312859,12,Townsfolk Tussle,1487
128721,2,Crisis,1488
358124,17,Mists over Carcassonne,1489
83195,25,Ghost Blitz,1490
231484,24,Carnival of Monsters,1491
27364,10,Caylus Magna Carta,1492
226518,4,EXIT: The Game – The Sunken Treasure,1493
159473,20,Quartermaster General,1494
378387,2,Inventors of the South Tigris,1495
94246,20,1812: The Invasion of Canada,1496
171879,8,Kraftwagen,1497
330038,13,Llamaland,1498
67492,9,Battles of Westeros,1499
288169,35,The Fox in the Forest Duet,1500
251412,13,On Tour,1501
126100,9,Mythos Tales,1503
393307,19,Tower Up,1504
527,10,GIPF,1505
299252,13,Here to Slay,1506
165986,36,Royals,1507
41916,25,The Magic Labyrinth,1508
174660,25,New York 1901,1510
253608,20,18Chesapeake,1511
440007,2,The Druids of Edora,1512
173101,8,Council of 4,1513
291962,12,Paper Dungeons: A Dungeon Scrawler Game,1514
165872,20,Liberty or Death: The American Insurrection,1515
102548,9,Dungeon Fighter,1516
91873,8,Strasbourg,1518
25643,10,Arkadia,1519
25821,25,The Werewolves of Miller's Hollow,1520
437306,19,Parks (Second Edition),1521
68264,20,No Retreat! The Russian Front,1522
10,10,Elfenland,1523
255674,15,Imhotep: The Duel,1524
287938,17,Kitchen Rush (Revised Edition),1526
312267,37,Star Wars: Unlock!,1527
269595,13,Copenhagen,1528
152470,20,Fief: France 1429,1529
63975,13,Mountain Goats,1530
191597,29,Dale of Merchants 2,1531
9220,25,Saboteur,1532
16986,17,Ubongo,1534
85256,25,Timeline: Inventions,1535
131014,25,Carcassonne: Winter Edition,1536
147303,41,Carcassonne: South Seas,1537
182694,25,Watson & Holmes,1538
183006,17,Qwinto,1539
249746,5,Nanty Narking,1540
264982,2,Coloma,1541
299121,12,Machina Arcana (Second/Third Edition),1542
229491,23,Edge of Darkness,1544
1540,9,BattleTech,1545
121297,8,Fleet,1546
238638,2,Castell,1548
332944,13,Sobek: 2 Players,1549
187377,23,Vikings Gone Wild,1550
331224,12,Zombicide: Undead or Alive,1551
339906,13,The Hunger,1552
8045,10,Princes of the Renaissance,1553
366310,12,Dice Throne: Santa v. Krampus,1554
227456,12,Escape the Dark Castle,1556
315695,5,Veiled Fate,1557
254226,37,Unlock!: Exotic Adventures,1558
225244,41,Ticket to Ride: Germany,1559
322656,12,burncycle,1560
104347,8,Santiago de Cuba,1561
230085,8,Agra,1562
1261,10,Medina,1564
383010,4,Clank! Legacy 2: Acquisitions Incorporated – Darkest Magic,1565
38713,19,Time's Up! Party,1566
347767,2,Ostia,1567
306882,31,Railroad Ink Challenge: Shining Yellow Edition,1569
316858,2,CloudAge,1570
358981,35,"Air, Land, & Sea: Spies, Lies, & Supplies",1571
61692,20,Axis & Allies: Europe 1940,1572
283294,17,Yukon Airways,1573
302524,12,Super-Skill Pinball: 4-Cade,1575
42910,10,Peloponnes,1576
123955,20,Thunderbolt Apache Leader,1579
315727,5,Last Light,1580
157526,8,Viceroy,1581
39953,9,A Game of Thrones: The Card Game,1582
300442,13,Trekking the World,1584
363369,1,Starship Captains,1585
159503,12,The Captain Is Dead,1586
7805,10,Fearsome Floors,1587
134253,12,Hostage Negotiator,1588
390340,19,Challengers! Beach Cup,1590
371947,2,3 Ring Circus,1591
151771,0,La Cosa Nostra,1592
253759,13,Paint the Roses,1593
335609,13,TEN,1594
15818,10,Pick-omino,1596
375852,13,Welcome to Everdell,1597
247236,21,Duelosaur Island,1598
205716,9,New Angeles,1599
164338,8,The Golden Ages,1600
160610,26,Thunderbirds,1601
191876,8,Ulm,1602
137649,9,Level 7 [Omega Protocol],1603
257527,35,Trapwords,1605
215471,35,Photograph,1606
323156,2,Stroganov,1607
402111,19,Kronologic: Paris 1920,1608
361241,19,Vaalbara,1609
300001,35,Renature,1610
116,10,Guillotine,1611
119591,8,Rialto,1612
328326,13,Fleet: The Dice Game (Second Edition),1614
394,10,Kahuna,1615
202077,12,Deep Madness,1616
360153,19,Marvel Dice Throne: Scarlet Witch v. Thor v. Loki v. Spider-Man,1617
204836,25,Escape Room: The Game,1618
202583,33,Rise of Tribes,1619
219100,9,UBOOT: The Board Game,1620
272533,12,Kingdom Rush: Rift in Time,1621
210232,12,Dungeon Degenerates: Hand of Doom,1622
1403,10,Turn the Tide,1623
405537,19,DroPolter,1624
343844,12,Bullet★,1625
404538,12,Kinfire Delve: Scorn's Stockade,1626
449185,19,FlipToons,1629
232361,12,After the Virus,1630
392449,19,Welcome To...: Collector's Edition,1632
268012,12,Chronicles of Drunagor: Age of Darkness,1633
223931,4,Sherlock Holmes Consulting Detective: Carlton House & Queen's Park,1634
3228,10,Pueblo,1635
199,10,Manhattan,1636
364655,12,Kinfire Chronicles: Night's Fall,1637
38863,10,The Rich and the Good,1638
415945,16,Unmatched: Slings and Arrows,1639
248125,5,Monumental,1640
2397,10,Backgammon,1642
257769,13,Walking in Burano,1643
356754,12,Tamashii: Chronicle of Ascend,1645
232988,17,The Castles of Burgundy: The Dice Game,1647
177802,39,Smash Up: It's Your Fault!,1648
288513,13,Tranquility,1649
204505,24,Museum,1651
380135,19,Dead Cells: The Rogue-Lite Board Game,1652
381247,12,Dragon Eclipse,1653
150312,25,Welcome to the Dungeon,1656
111124,25,Dark Moon,1657
2507,10,Liberté,1659
1897,10,The Starfarers of Catan,1660
352695,2,Oranienburger Kanal,1661
163474,9,V-Sabotage,1662
174837,20,Sol: Last Days of a Star,1663
23094,10,Planet Steam,1664
281946,12,Aftermath,1665
370164,19,Fun Facts,1666
352179,12,Astro Knights,1667
285533,14,Miyabi,1668
205418,11,Agricola: Family Edition,1669
217085,36,Unearth,1670
624,10,Quoridor,1672
355326,12,Heroes of Might and Magic III: The Board Game,1674
244918,4,EXIT: The Game – The Mysterious Museum,1675
63268,25,Spot it!,1676
381819,2,Zhanguo: The First Empire,1677
244191,38,Naga Raja,1678
447174,19,A Wild Venture,1679
206803,8,Warsaw: City of Ruins,1680
254713,29,The Artemis Project,1681
402663,2,Salton Sea,1682
306709,34,The Night Cage,1683
200511,23,After the Empire,1684
304285,1,Infinity Gauntlet: A Love Letter Game,1685
134453,10,The Little Prince: Make Me a Planet,1686
380165,19,Next Station: Tokyo,1688
350458,2,Terracotta Army,1689
127024,9,Room 25,1690
117985,30,Star Trek: Catan,1691
167513,8,Barony,1692
297978,13,Mariposas,1693
312318,13,Century: Golem Edition – An Endless World,1694
12495,20,Fire & Axe: A Viking Saga,1695
330950,19,Age of Galaxy,1696
347013,13,Get on Board: New York & London,1698
113401,25,Timeline: Events,1699
304668,19,Robot Quest Arena,1701
246663,17,NEOM,1702
146910,20,Wildcatters,1704
266966,12,Dice Throne: Season Two – Gunslinger v. Samurai,1705
215841,4,EXIT: The Game – The Forgotten Island,1706
72991,10,Asara,1707
406174,12,Kinfire Delve: Callous' Lab,1708
33604,25,Say Anything,1709
165950,25,Beasty Bar,1710
438,10,Scotland Yard,1712
360366,12,Tainted Grail: Kings of Ruin,1713
15,10,Cosmic Encounter,1714
429863,2,Covenant,1717
348096,19,Kites,1718
244995,35,Illusion,1719
175549,25,Salem 1692,1720
254591,12,Heroes of Terrinoth,1722
172385,8,Porta Nigra,1723
166226,8,The Staufer Dynasty,1725
271088,36,Ishtar: Gardens of Babylon,1728
180040,23,Villages of Valeria,1729
336929,13,Land vs Sea,1730
216201,36,Robo Rally,1731
233020,25,Fireball Island: The Curse of Vul-Kar,1732
212516,8,Keyper,1733
300010,25,Dragomino,1734
264647,3,Age of Civilization,1736
204,10,Stephenson's Rocket,1737
105037,8,Tournay,1739
272453,11,KeyForge: Age of Ascension,1741
200057,38,Pioneer Days,1742
328124,2,Bot Factory,1743
29223,25,Marrakech,1744
53093,9,Heroes of Normandie,1745
371972,2,Ierusalem: Anno Domini,1746
271321,19,CABO (Second Edition),1747
66,10,Löwenherz,1748
272682,2,Expedition to Newdale,1750
282853,11,Catan: Starfarers,1751
811,25,Rummikub,1752
166857,8,Antike II,1753
283317,12,The 7th Continent: Classic Edition,1755
338460,13,The Isle of Cats: Explore & Draw,1756
215842,4,EXIT: The Game – The Polar Station,1757
389820,20,Burning Banners,1758
63170,20,1817,1759
179572,23,Dice City,1760
363183,13,Tokaido Duo,1762
330608,6,Cryo,1763
22038,9,Warrior Knights,1764
139030,25,Mascarade,1765
39684,8,Merkator,1766
351476,19,My City: Roll & Build,1767
426513,19,Emberleaf,1768
409693,19,Flatiron,1770
184424,20,Mega Civilization,1771
216091,25,Unlock!: Escape Adventures – The Formula,1772
364186,14,Terra Nova,1773
325698,13,Juicy Fruits,1774
422042,2,Tea Garden,1775
258444,22,Gingerbread House,1776
175324,25,Fog of Love,1777
194626,35,Happy Salmon,1779
191894,25,Imagine,1780
254192,19,Harry Potter: Hogwarts Battle – Defence Against the Dark Arts,1781
194690,25,Viral,1784
339214,19,Fruit Fight,1786
55829,20,Axis & Allies: Pacific 1940,1787
342032,13,Wild Tiled West,1788
283619,13,Century: Golem Edition – Eastern Mountains,1789
3955,10,BANG!,1790
429405,2,Orloj: The Prague Astronomical Clock,1791
201,10,The Rose King,1792
255675,4,EXIT: The Game – The Catacombs of Horror,1793
1568,9,Space Crusade,1794
363625,12,Fateforge: Chronicles of Kaan,1795
254018,23,Solenia,1796
356414,2,Space Station Phoenix,1797
349463,23,"Dungeons, Dice & Danger",1800
94362,9,Rune Age,1801
217398,29,Path of Light and Shadow,1802
318546,25,CoraQuest,1803
350736,6,Voyages,1804
218530,25,Tortuga 1667,1807
253214,4,Escape Tales: The Awakening,1808
2065,10,Shogi,1809
176229,39,Tides of Time,1811
331401,13,Dog Park,1812
481,10,Carolus Magnus,1813
131366,25,Eight-Minute Empire,1814
347805,19,Green Team Wins,1816
282414,2,Pharaon,1817
196202,9,Rum & Bones: Second Tide,1818
176083,26,Hit Z Road,1819
8190,10,The Bridges of Shangri-La,1820
285265,17,Rune Stones,1821
362020,13,Cosmoctopus,1822
286537,26,Burgle Bros 2: The Casino Capers,1823
214396,25,Campy Creatures,1824
179460,8,Stronghold: 2nd edition,1825
386366,2,Shipwrights of the North Sea: Redux,1828
929,10,The Great Dalmuti,1829
73664,19,Cabo,1830
269603,25,Minecraft: Builders & Biomes,1833
358816,35,Rear Window,1834
3097,20,1849: The Game of Sicilian Railways,1835
385680,2,Path of Civilization,1839
415147,19,Spectacular,1840
129051,8,Le Havre: The Inland Port,1841
309105,13,Sagani,1842
251551,29,Dale of Merchants Collection,1843
301716,17,Glasgow,1844
143175,8,Kashgar: Merchants of the Silk Road,1847
297486,20,Ride the Rails,1848
284584,17,Troyes Dice,1849
408636,2,Skara Brae,1851
342894,5,Mythic Mischief,1852
294702,13,Tenpenny Parks,1853
223740,25,Bargain Quest,1854
232595,35,Skulk Hollow,1855
266967,12,Dice Throne: Season Two – Cursed Pirate v. Artificer,1856
260300,34,Dungeon Mayhem,1857
67877,35,Anomia,1858
289081,13,The Grand Carnival,1859
242,20,Junta,1861
402024,12,Conservas,1862
205317,9,DOOM: The Board Game,1863
1198,10,SET,1864
180020,19,Virus!,1865
401216,10,Cascadero,1866
148943,25,Coup: Rebellion G54,1867
21550,10,Blokus Trigon,1868
902,10,Meuterer,1869
316786,2,Tabannusi: Builders of Ur,1870
319807,2,Shogun no Katana,1871
148203,35,Dutch Blitz,1872
175223,29,Valley of the Kings: Afterlife,1873
350185,19,Draft & Write Records,1874
280453,2,Masters of Renaissance: Lorenzo il Magnifico – The Card Game,1875
454672,19,Boss Fighters QR,1878
619,10,The Bottle Imp,1879
371688,5,HUANG,1881
314582,2,Amsterdam,1882
324711,35,Schadenfreude,1883
383469,16,Unmatched: Sun's Origin,1884
362976,19,Beacon Patrol,1885
17223,9,World of Warcraft: The Boardgame,1886
340364,13,Machi Koro 2,1887
410991,19,Looot,1888
448271,19,The Lord of the Rings: The Two Towers – Trick-Taking Game,1890
594,10,Sleuth,1891
359394,4,My Island,1892
323255,34,Box One,1893
357028,19,Dungeon Fighter: Second Edition,1894
235555,20,Bios: Origins (Second Edition),1895
312251,35,Curious Cargo,1896
169794,8,Haspelknecht: The Story of Early Coal Mining,1897
270109,35,Iwari,1898
381308,19,Dixit: Disney Edition,1900
228372,20,Iberian Gauge,1901
240567,2,Chocolate Factory,1902
101785,9,D-Day Dice,1903
423401,2,Minos: Dawn of the Bronze Age,1904
329226,2,Circadians: Chaos Order,1906
314745,13,Now or Never,1907
355888,19,Orichalcum,1908
233678,8,Indian Summer,1909
361788,13,First in Flight,1910
115,10,I'm the Boss!,1911
246200,17,Piepmatz: Little Songbirds,1912
40209,20,RAF: The Battle of Britain 1940,1915
204135,17,Skyjo,1916
98,9,Axis & Allies,1917
84732,35,Kariba,1918
360206,2,Discordia,1919
431038,13,Azul Duel,1920
295577,34,Dungeon Mayhem: Monster Madness,1921
1829,9,Risk 2210 A.D.,1923
75165,10,De Vulgari Eloquentia,1924
120523,9,Nothing Personal,1925
383206,12,Freelancers: A Crossroads Game,1926
412911,19,Monkey Palace,1927
180901,19,Joraku,1929
181524,9,Masmorra: Dungeons of Arcadia,1930
295905,20,Cosmic Frog,1931
260789,12,Assassin's Creed: Brotherhood of Venice,1932
422484,19,King of Tokyo: Duel,1933
383467,16,Unmatched: Brains and Brawn,1934
494,10,Ave Caesar,1936
427388,19,Tend,1937
264198,9,Warhammer Quest: Blackstone Fortress,1939
38718,20,Normandy '44,1941
166571,20,Tramways,1943
343526,12,G.I. JOE Deck-Building Game,1944
94104,39,Omen: A Reign of War,1945
406854,19,Odin,1946
195856,9,Bloodborne: The Card Game,1947
195043,25,Welcome Back to the Dungeon,1948
424975,19,Wilmot's Warehouse,1949
266083,17,L.L.A.M.A.,1951
424573,13,Pergola,1952
109125,10,Wallenstein (Second Edition),1953
420077,12,The Mandalorian: Adventures,1954
275913,29,Bruxelles 1897,1958
183231,14,Adventure Land,1959
370581,19,Fractured Sky,1960
195544,25,Tides of Madness,1962
233261,12,Tidal Blades 2: Rise of the Unfolders,1963
336131,12,Halls of Hegra,1964
215840,4,EXIT: The Game – The Forbidden Castle,1965
187700,9,GKR: Heavy Hitters,1967
351594,2,Amalfi: Renaissance,1968
423517,19,3 Chapters,1969
280136,25,Paranormal Detectives,1970
172220,9,Dungeons & Dragons: Temple of Elemental Evil Board Game,1971
143986,25,CV,1973
428440,19,Shallow Sea,1975
148951,23,Tiny Epic Kingdoms,1976
230889,9,Aristeia!,1977
183284,35,Factory Funner,1978
302260,25,Abandon All Artichokes,1980
34887,10,Revolution!,1981
230267,24,Dice Settlers,1982
14254,10,PitchCar Mini,1983
146816,14,Sanssouci,1984
370789,2,Nova Roma,1985
38545,10,Kamisado,1986
277927,14,Bites,1987
251433,35,Yokai Septet,1988
424152,19,Orapa Mine,1989
252399,5,Vast: The Mysterious Manor,1990
320390,35,Kabuto Sumo,1991
149776,12,Fireteam Zero,1992
216497,19,District Noir,1998
359029,19,Nekojima,1999
125548,9,Pixel Tactics,2000
366495,20,Undaunted: Battle of Britain,2001
403116,19,Next Station: Paris,2002
196496,12,Warfighter: The WWII Tactical Combat Card Game,2003
90040,10,Pergamon,2004
193308,25,Spyfall 2,2007
251747,20,Atlantic Chase: The Kriegsmarine Against the Home Fleet 1939-1942,2008
335275,13,Whirling Witchcraft,2009
269752,13,Noctiluca,2010
430533,19,Formaggio,2011
300683,13,Meeple Land,2012
236217,19,Time Bomb,2013
366752,13,The Great Split,2014
317434,4,EXIT: The Game – Advent Calendar: The Mystery of the Ice Cave,2015
8129,10,Sluff Off!,2016
218804,36,Imaginarium,2018
303551,20,Polis,2019
436821,19,Everdell Silverfrost,2020
183685,20,"Mr. President: The American Presidency, 2001-2020",2021
267813,4,Adventure Games: The Dungeon,2022
171662,20,Neanderthal,2023
193728,20,Pendragon: The Fall of Roman Britain,2024
302312,12,Chronicles of Crime: 2400,2026
235014,13,Sorcerer City,2027
226605,13,Fire Tower,2029
102435,20,Navajo Wars,2030
285905,9,Marvel: Crisis Protocol Core Set,2031
10093,10,Axis & Allies,2032
54137,36,Battle Sheep,2034
222542,8,Otys,2035
277597,10,Fast Sloths,2036
144041,8,Patchistory,2037
99975,25,Timeline: Science & Discoveries,2038
170604,12,Renegade,2039
293678,1,Stellar,2040
43022,9,Yomi,2041
4636,10,Clans,2042
207572,20,Holland '44: Operation Market-Garden,2043
269968,4,EXIT: The Game – The Haunted Roller Coaster,2044
259298,23,The Ancient World (Second Edition),2045
294514,25,5-Minute Mystery,2047
206940,41,Carcassonne: Amazonas,2048
322561,12,Dice Throne: Season One Rerolled – Battle 1:  Barbarian v. Moon Elf,2049
284217,28,Rush M.D.,2052
156714,9,Doomtown: Reloaded,2054
361,10,Hare & Tortoise,2055
274841,13,Cóatl,2056
325555,19,Cantaloop: Book 1 – Breaking into Prison,2057
402677,2,Daitoshi,2058
178054,9,A Study in Emerald (Second Edition),2059
221769,20,Bios: Megafauna (Second Edition),2060
175307,25,Love Letter: Adventure Time,2061
355200,12,Marvel Zombies: X-Men Resistance,2062
8098,25,Jungle Speed,2063
259374,17,Belratti,2066
267271,8,Egizia: Shifting Sands,2067
345155,2,Bruxelles 1893: Belle Époque,2070
46396,28,Ubongo 3D,2071
339484,13,Savannah Park,2072
352454,19,Trailblazers,2073
245354,25,Unlock!: Secret Adventures – The Adventurers of Oz,2076
248158,23,Thanos Rising: Avengers Infinity War,2077
298229,13,Steampunk Rally Fusion,2078
309430,23,Tiny Epic Pirates,2079
413260,19,Botanicus,2081
40270,9,Call of Cthulhu: The Card Game,2082
15511,10,Fjords,2083
454909,19,Origin Story,2086
265256,19,PUSH,2088
295488,25,Andor: The Family Fantasy Game,2089
419704,2,Phoenix New Horizon,2090
252446,8,Key Flow,2091
420914,19,Iliad,2092
1219,25,Labyrinth,2093
22348,25,Duplik,2094
321277,2,Tinners' Trail (Second Edition),2096
317311,17,Switch & Signal,2097
217083,10,LYNGK,2098
57660,28,Time's Up! Edición Azul,2099
403265,35,Marabunta,2100
165948,8,Mangrovia,2102
330084,37,Unlock!: Legendary Adventures,2105
208895,25,New York Slice,2107
41933,9,Arctic Scavengers,2109
27627,9,Talisman: Revised 4th Edition,2110
5072,10,Carrom,2111
351538,2,Bamboo,2112
41010,25,My First Carcassonne,2113
358085,0,Village Rails,2114
248005,24,Ganymede,2115
423,20,1856: Railroading in Upper Canada from 1856,2116
24310,9,The Red Dragon Inn,2117
13308,10,Niagara,2118
3800,10,Himalaya,2119
157917,8,The Lord of the Ice Garden,2121
12750,20,1860: Railways on the Isle of Wight,2122
267378,13,Chakra,2123
324914,35,Inside Job,2124
337,10,Circus Flohcati,2125
6901,10,Euchre,2127
439305,13,Flamecraft Duals,2128
34297,10,The Climbers,2130
397736,19,Hitster: Guilty Pleasures,2133
903,10,Hamster Roll,2134
274450,12,Last Aurora,2136
172996,10,The King Is Dead,2137
27225,25,Bananagrams,2138
220792,4,The Expanse Board Game,2140
400995,19,Perspectives,2141
1107,10,Nyet!,2142
317582,12,Mythwind,2145
269725,17,Corinth,2146
329716,12,Eleven: Football Manager Board Game,2147
271519,13,Ecosystem,2148
330174,13,Explorers,2150
390173,19,Mindbug: Beyond Evolution,2151
526,10,Abalone,2152
381246,12,S.T.A.L.K.E.R. The Board Game,2153
446493,2,Recall,2154
159581,35,Maskmen,2155
241831,8,Reykholt,2157
205046,25,Capital Lux,2158
32125,10,Felicity: The Cat in the Sack,2160
345266,12,Tales from the Red Dragon Inn,2161
182189,42,Treasure Hunter,2162
158900,25,Samurai Spirit,2163
266964,12,Dice Throne: Season Two – Seraph v. Vampire Lord,2165
266965,12,Dice Throne: Season Two – Tactician v. Huntress,2166
263895,2,City of the Great Machine,2167
230303,25,Unlock!: Mystery Adventures – The House on the Hill,2169
349750,20,Molly House,2170
210274,2,Petrichor,2171
299963,13,Picture Perfect,2173
180199,20,"Colonial Twilight: The French-Algerian War, 1954-62",2174
203430,10,Fuji Flush,2175
273910,12,Stars of Akarios,2176
227466,35,Break the Code,2177
314580,2,Hamburg,2179
256320,42,Fertility,2181
30658,10,Rise of Empires,2183
256804,19,Exploding Kittens: Party Pack,2184
124172,25,Tsuro of the Seas,2185
123607,9,Puzzle Strike: Third Edition,2186
369548,13,After Us,2187
234260,19,Prey Another Day,2188
143185,39,Smash Up: The Obligatory Cthulhu Set,2189
396895,12,Corps of Discovery: A Game Set in the World of Manifest Destiny,2190
173761,25,Telestrations: After Dark,2192
356952,19,Empire's End,2193
418062,19,Railroad Tiles,2194
285894,17,Bravo!,2196
278553,13,Silver,2198
262114,13,Rival Restaurants,2199
230383,17,Memoarrr!,2200
259081,4,Machi Koro Legacy,2201
28086,25,Age of War,2202
147253,23,The Ancient World,2203
229713,20,War Room,2204
303672,19,Trek 12: Himalaya,2205
103092,8,Helvetia,2206
383109,19,Dragonkeepers,2207
250881,8,Dominations: Road to Civilization,2210
169611,25,Love Letter: The Hobbit – The Battle of the Five Armies,2211
26457,20,Successors: The Battles for Alexander's Empire,2213
175293,8,Trambahn,2215
61487,20,Unconditional Surrender! World War 2 in Europe,2216
162009,20,The U.S. Civil War,2217
265537,20,Weimar: The Fight for Democracy,2219
157413,0,New Bedford,2221
218208,25,Ticket to Ride: First Journey (Europe),2223
220367,27,Empyreal: Spells & Steam,2224
392492,2,Stupor Mundi,2225
361850,19,Nimalia,2227
243430,10,Dealt!,2230
257732,20,Pax Transhumanity,2231
180852,23,Tiny Epic Western,2232
270847,38,Set & Match,2234
424280,19,Hitster: Music Bingo,2235
163805,8,Transatlantic,2236
272427,2,Terramara,2239
120,10,Hoity Toity,2240
28089,10,Château Roquefort,2241
320718,13,Hidden Leaders,2242
249590,20,Nevsky: Teutons and Rus in Collision 1240-1242,2243
2393,10,Xiangqi,2244
323613,19,LUNA Capital,2245
204184,20,Risk: Europe,2248
71074,10,Expedition: Northwest Passage – HMS Terror Edition,2249
226501,12,Dragonfire,2250
322588,2,Origins: First Builders,2251
431481,13,A Place for All My Books,2252
41863,9,Axis & Allies: 1942,2253
377969,12,Marvel United: Multiverse,2255
400498,19,Light Speed: Arena,2256
238546,4,The Rise of Queensdale,2259
205610,40,A Game of Thrones: Hand of the King,2260
364641,13,Joan of Arc: Orléans Draw & Write,2261
306321,19,Night of the Ninja,2262
202977,36,Cytosis: A Cell Biology Board Game,2263
348554,2,Autobahn,2265
174078,40,Holmes: Sherlock & Mycroft,2267
205125,25,Ticket to Ride: First Journey (U.S.),2268
15600,10,Sardegna,2272
38386,10,A Castle for All Seasons,2274
300583,13,Village Green,2275
341496,35,Caesar's Empire,2276
157096,8,Historia,2277
208773,20,Quartermaster General: 1914,2278
235375,23,Spirits of the Forest,2279
216428,13,Seikatsu,2280
128667,9,Samurai Sword,2281
326937,16,Unmatched: For King and Country,2282
223376,9,A Song of Ice & Fire: Tabletop Miniatures Game – Stark vs Lannister Starter Set,2283
226634,9,The Thing: Infection at Outpost 31,2284
304510,2,Pampero,2285
136280,10,La Boca,2286
233208,12,D-Day Dice (Second Edition),2287
123499,8,City of Iron,2288
1117,10,You're Bluffing!,2289
308989,25,Bristol 1350,2290
387515,19,Kavango,2293
16267,10,Trans Europa,2295
145588,10,Citrus,2296
293348,35,Flesh and Blood,2297
322563,12,Dice Throne: Season One ReRolled – Pyromancer v. Shadow Thief,2300
75358,10,SNCF: France & Germany,2301
63759,10,Seeland,2302
85005,11,The Boss,2304
163370,41,Carcassonne: Gold Rush,2306
399822,12,Fate: Defenders of Grimheim,2307
122842,9,Exodus: Proxima Centauri,2308
592,10,Spades,2309
330036,35,Great Plains,2311
113289,25,Snake Oil,2316
242529,35,Medium,2317
322562,12,Dice Throne: Season One ReRolled – Monk v. Paladin,2318
412086,19,Etherstone,2319
342372,12,The Elder Scrolls V: Skyrim – The Adventure Game,2320
66510,9,The Red Dragon Inn 3,2321
9441,5,Ribbit,2322
34585,17,Keltis,2324
249763,19,Claim 2,2325
425276,16,Unmatched Adventures: Teenage Mutant Ninja Turtles,2326
36648,10,Pyramid of Pengqueen,2327
146418,9,Warhammer: Diskwars,2328
227072,35,The Chameleon,2330
320527,12,Dice Throne: Season One ReRolled – Treant v. Ninja,2331
174973,9,Boss Monster 2: The Next Level,2332
253664,19,Taco Cat Goat Cheese Pizza,2333
413469,2,Ada's Dream,2334
85325,38,Kolejka,2335
22245,10,Royal Visit,2336
155969,26,Harbour,2337
242653,2,Mysthea,2338
37358,20,Founding Fathers,2339
198287,12,Legends of Andor: The Last Hope,2341
273703,12,Altar Quest,2342
267979,19,Tiwanaku,2343
163,25,Balderdash,2344
280748,12,Escape the Dark Sector,2346
431305,19,Great Western Trail: El Paso,2347
19622,20,A Victory Lost: Crisis in Ukraine 1942-1943,2348
292974,35,Tournament at Avalon,2349
315060,16,Unmatched: Buffy the Vampire Slayer,2350
393973,19,Match of the Century,2352
192945,8,Coal Baron: The Great Card Game,2355
125,10,Money!,2357
172933,25,Dragonwood,2358
291847,35,Mantis Falls,2360
312786,35,Poetry for Neanderthals,2362
295192,13,Tinderblox,2365
275215,13,Namiji,2366
276086,13,Hamlet: The Village Building Game,2367
376893,12,Cyberion,2368
331212,12,Aeon's End: Legacy of Gravehold,2369
378758,19,Imperial Miners,2370
146221,8,Forge War,2371
287589,3,Red Outpost,2373
195528,8,La Granja: No Siesta,2375
352764,34,Disney Villainous: Bigger and Badder,2376
277458,19,Kluster,2377
325348,20,Successors (Fourth Edition),2379
98918,20,Bios: Genesis,2382
22192,9,HeroQuest Advanced Quest,2383
222407,20,Lignum (Second Edition),2384
302520,13,Hues and Cues,2385
283934,4,EXIT: The Game – Theft on the Mississippi,2387
271060,12,Pathfinder Adventure Card Game: Core Set,2388
281152,13,On the Underground: London / Berlin,2389
340897,2,Resurgence,2390
179303,9,Cthulhu Realms,2391
254683,13,Dodos Riding Dinos,2392
310789,19,Catapult Feud,2393
400205,19,5 Towers,2394
218293,2,Rise to Nobility,2395
299607,2,Capital Lux 2: Generations,2397
279869,35,Nine Tiles Panic,2398
295948,13,Aqualin,2399
347112,19,Secret Identity,2400
198190,8,Kepler-3042,2401
249,10,Lifeboats,2402
262547,35,Don't Get Got!,2403
136955,20,Hands in the Sea,2404
313262,19,Shamans,2405
229218,4,A Game of Thrones: Catan – Brotherhood of the Watch,2408
211716,20,John Company,2409
176558,25,Mafia de Cuba,2411
138649,9,DC Comics Dice Masters: Justice League,2412
369751,13,Sagrada Artisans,2413
320,10,Scrabble,2415
155255,20,Pax Pamir,2416
423648,19,Naishi,2417
153507,10,Terra,2418
38765,20,Ground Floor,2419
206150,20,1754: Conquest – The French and Indian War,2420
322589,2,Zapotec,2421
417323,19,Panda Spin,2423
160902,9,Dungeons & Dragons Dice Masters: Battle for Faerûn,2424
67239,15,Catan Histories: Settlers of America – Trails to Rails,2425
324853,4,EXIT: The Game – Kidnapped in Fortune City,2426
143401,10,Yunnan,2428
354886,25,Quacks & Co.: Quedlinburg Dash,2429
313807,2,Oros,2431
358386,13,Moon,2434
120217,9,City of Horror,2435
267058,20,300: Earth & Water,2436
286428,35,"Wits & Wagers: It's Vegas, Baby!",2437
232,10,Serenissima,2438
350948,12,Familiar Tales,2439
432527,19,Ethnos: 2nd Edition,2440
381356,13,Diced Veggies,2441
198525,25,Lotus,2442
231696,25,Bob Ross: Art of Chill Game,2444
168681,25,Beyond Baker Street,2446
63543,9,Horus Heresy,2447
181819,12,Sorcerer,2448
32412,10,Palastgeflüster,2450
249411,10,Cuzco,2451
6819,10,Skat,2452
311322,35,Herd Mentality,2453
300751,2,Mini Express,2454
273264,12,Iron Helm,2455
338434,12,Hoplomachus: Remastered,2456
137330,25,Cube Quest,2457
6205,20,Europe Engulfed: WWII European Theatre Block Game,2458
12589,10,Ratzia,2459
373667,2,House of Fado,2461
316287,35,Quest,2462
144529,8,Theseus: The Dark Orbit,2463
1111,25,Taboo,2464
12692,25,Gloom,2465
144239,20,Impulse,2466
285775,11,KeyForge: Worlds Collide,2467
193739,8,Jórvík,2468
292126,2,Excavation Earth,2471
223049,5,Custom Heroes,2472
335427,13,Wild: Serengeti,2474
715,20,Escape from Colditz,2475
392513,19,Mindbug: Beyond Eternity,2476
311900,20,Votes for Women,2477
205158,25,Codenames: Deep Undercover,2478
169318,18,City of Spies: Estoril 1942,2479
303051,18,Godzilla: Tokyo Clash,2480
270143,13,Kōhaku,2481
156496,34,March of the Ants,2482
7858,20,Ardennes '44: The Battle of the Bulge,2484
142961,9,Thunderstone Advance: Numenera,2485
275912,20,Rise & Fall,2486
424816,19,Jungo,2487
253635,2,Ragusa,2488
304847,19,Hidden Games Crime Scene: The New Haven Case,2491
19526,10,Elasund: The First City,2492
358800,34,Star Wars Villainous: Power of the Dark Side,2493
317504,13,Mandala Stones,2494
300192,20,Twilight Struggle: Red Sea – Conflict in the Horn of Africa,2495
108018,20,Riichi Mahjong,2496
300930,35,Schotten Totten 2,2499
150,10,PitchCar,525
71,20,Civilization,527
15062,9,Shadows over Camelot,591
15985,9,Blood Bowl: Living Rulebook,680
102652,9,Sentinels of the Multiverse,686
4390,10,Carcassonne: Hunters and Gatherers,689
34119,9,Tales of the Arabian Nights,699
151022,38,Baseball Highlights: 2045,703
133038,9,Pathfinder Adventure Card Game: Rise of the Runelords – Base Set,711
36553,25,Time's Up! Title Recall!,713
30869,10,Thebes,756
39938,8,Carson City,764
58281,9,Summoner Wars,842
65532,9,Defenders of the Realm,913
15364,10,Vegas Showdown,928
150997,9,Shadows of Brimstone: Swamps of Death,931
73171,9,Earth Reborn,936
3307,10,Wallenstein,960
171273,25,FUSE,976
2163,9,Space Hulk,981
179275,12,One Deck Dungeon,1007
12002,10,Jambo,1009
268201,12,Dice Throne,1035
137269,8,Spyrium,1042
30957,10,Tribune: Primus Inter Pares,1045
37380,10,Roll Through the Ages: The Bronze Age,1066
53953,9,Thunderstone,1072
29368,9,Last Night on Earth: The Zombie Game,1076
79127,9,Star Trek: Fleet Captains,1078
173,10,Formula Dé,1079
148575,9,Marvel Dice Masters: Avengers vs. X-Men,1117
27588,10,Zooloretto,1121
38054,10,Snow Tails,1147
13642,10,Louis XIV,1166
106217,8,Hawaii,1187
108784,9,Ascension: Storm of Souls,1197
156689,9,Legendary: A Marvel Deck Building Game – Villains,1205
178336,40,World's Fair 1893,1207
82421,9,Summoner Wars: Phoenix Elves vs Tundra Orcs,1220
823,10,The Lord of the Rings,1228
230080,36,Majesty: For the Realm,1233
554,10,La Città,1244
174570,9,Legendary Encounters: A Predator Deck Building Game,1272
25568,10,Metropolys,1273
95064,9,Ascension: Return of the Fallen,1299
95103,9,Fortune and Glory: The Cliffhanger Game,1302
91536,9,Quarriors!,1307
131646,9,Merchant of Venus (Second Edition),1322
171233,9,The Big Book of Madness,1335
6830,10,Zendo,1336
97903,25,Terror in Meeple City,1337
176544,32,Automania,1386
5737,10,Domaine,1388
1301,10,Netrunner,1395
43443,25,Castle Panic,1401
183571,12,Deep Space D-6,1416
234669,12,Legacy of Dragonholt,1419
71671,9,Yggdrasil,1439
218421,12,Street Masters,1444
140933,30,Blueprints,1447
124,10,Primordial Soup,1459
22141,10,Cleopatra and the Society of Architects,1461
13823,10,Fairy Tale,1472
135382,9,Shadowrun: Crossfire,1480
34084,10,Witch's Brew,1483
121410,25,Steam Park,1502
35815,9,A Touch of Evil: The Supernatural Game,1509
2842,10,TransAmerica,1533
154386,25,Medieval Academy,1543
223855,32,Sentient,1547
30381,10,Hamburgum,1555
159504,12,Folklore: The Affliction,1574
826,10,Cartagena,1577
19100,10,Hacienda,1578
224821,12,One Deck Dungeon: Forest of Shadows,1583
855,10,Java,1595
243759,9,Hellboy: The Board Game,1604
50768,10,Ninjato,1613
113873,20,"The Hunters: German U-Boats at War, 1939-43",1628
143405,12,Sylvion,1631
1159,10,Evo,1641
38159,25,Ultimate Werewolf: Ultimate Edition,1646
157001,39,Trains: Rising Sun,1650
4099,10,Keythedral,1654
2338,10,Starship Catan,1671
42487,26,Lost Cities: The Board Game,1673
310192,13,Overboss: A Boss Monster Adventure,1697
98527,12,Gloom of Kilforth: A Fantasy Quest Game,1700
106,10,Mystery Rummy: Jack the Ripper,1703
10640,9,Doom: The Boardgame,1711
21441,10,Mykerinos,1715
60435,38,Rallyman,1716
19237,10,Ca$h 'n Gun$,1724
220133,13,Endangered,1726
395623,13,Harvest,1735
163413,8,Murano,1740
159109,9,XenoShyft: Onslaught,1749
3284,9,Star Wars: Epic Duels,1782
19999,10,Aton,1785
71836,27,Onirim,1798
116954,10,Butterfly Garden,1805
142852,9,DC Deck-Building Game: Heroes Unite,1815
332321,9,ALIEN: Fate of the Nostromo,1826
267127,12,Aerion,1827
337787,13,Summer Camp,1832
29934,10,Amyitis,1836
131325,25,Timeline: General Interest,1837
181810,25,Kodama: The Tree Spirits,1838
275044,19,Glow,1845
6411,10,Blokus 3D,1850
252929,25,Planet,1876
138431,9,Galaxy Defenders,1877
1915,10,Middle-earth,1880
244916,25,Drop It,1899
18745,10,Sun Tzu,1913
172381,8,My Village,1914
57925,10,La Habana,1935
2987,10,Pirate's Cove,1938
276830,12,Sanctum,1942
214484,12,HEXplore It: The Valley of the Dead King,1950
244513,25,ICECOOL2,1955
168,10,Empire Builder,1956
397897,12,Horrified: Greek Monsters,1966
248861,13,Metro X,1979
106662,8,Power Grid: The First Sparks,1993
39339,9,Android,1995
1544,10,Beyond Balderdash,2017
38862,10,Giants,2025
92319,10,Olympos,2028
13884,10,The Scepter of Zavandor,2033
327056,37,Unlock! Kids: Detective Stories,2046
268504,12,Adventure Tactics: Domianne's Tower,2053
103185,8,Walnut Grove,2069
12761,10,Ys,2074
122294,9,Ascension: Immortal Heroes,2075
206084,12,Nautilion,2080
149951,12,Warfighter: The Tactical Special Forces Card Game,2084
304531,12,Ascension Tactics: Miniatures Deckbuilding Game,2085
301919,25,Pandemic: Hot Zone – North America,2101
256852,9,Aliens: Another Glorious Day in the Corps,2103
43868,9,The Adventurers: The Temple of Chac,2104
223215,17,Flip Ships,2106
315881,13,Funfair,2131
55697,10,Power Struggle,2132
171011,32,Favor of the Pharaoh,2164
73369,10,51st State,2168
49,10,Mamma Mia!,2172
145189,25,Timeline: Music & Cinema,2180
21920,10,Leonardo da Vinci,2182
325810,16,Ascension: 10 Year Anniversary Edition,2191
195571,9,Legendary Encounters: A Firefly Deck Building Game,2195
216632,35,Tournament at Camelot,2197
111417,10,The Great Heartland Hauling Co.,2208
107255,8,Evo (Second Edition),2214
274428,28,Gaslands: Refuelled,2220
6887,10,Hearts,2222
198487,39,Smash Up: Cease and Desist,2226
142079,9,Space Cadets: Dice Duel,2228
138233,9,Ascension: Rise of Vigil,2233
140,10,Pit,2247
96007,10,The New Era,2269
340,10,Frank's Zoo,2291
230305,25,Unlock!: Mystery Adventures – The Tonipal's Treasure,2294
197097,12,Four Against Darkness,2299
37907,10,Diamonds Club,2305
341519,19,The Light in the Mist,2310
112138,9,Krosmaster: Arena,2313
66588,25,Wits & Wagers Family,2314
180592,8,Steam Time,2315
38992,10,Royal Palace,2340
253684,8,Spring Meadow,2354
181345,25,Dr. Eureka,2356
361958,13,Maple Valley,2359
366023,12,Marvel Zombies: Heroes' Resistance,2361
128442,9,Relic,2363
157,10,Eurorails,2374
42673,20,Field Commander: Napoleon,2381
285036,2,Shadow Kingdoms of Valeria,2422
212346,12,Shadows of Brimstone: Forbidden Fortress,2427
466,10,Inkognito,2430
157026,9,Ascension: Realms Unraveled,2433
28259,9,Cutthroat Caverns,2443
143404,12,Castellion,2445
210290,9,Legendary: Buffy The Vampire Slayer,2449
73,10,Show Manager,2460
343322,4,EXIT: The Game – Advent Calendar: The Hunt for the Golden Book,2470
187273,9,The Dresden Files Cooperative Card Game,2473
215312,25,Stop Thief!,2483
128,10,Take it Easy!,2489
153318,25,Dimension,2497
71061,9,DungeonQuest (Third Edition),2500
54625,9,Space Hulk (Third Edition),545
11170,9,Heroscape Master Set: Rise of the Valkyrie,570
27976,9,Heroscape Master Set: Swarm of the Marro,1201
82420,9,Summoner Wars: Guild Dwarves vs Cave Goblins,1289
221,9,Ikusa,1338
45986,10,Stronghold,1445
1634,9,Warhammer Quest,1478
151007,9,Pathfinder Adventure Card Game: Skull & Shackles – Base Set,1517
30618,25,Eat Poop You Cat,1754
142992,25,Gravwell: Escape from the 9th Dimension,1806
3072,9,Necromunda,1974
192860,25,Oceanos,1994
33451,9,The Red Dragon Inn 2,2006
123239,25,Wits & Wagers Party,2095
168609,23,"Artifacts, Inc.",2129
3565,9,Mordheim: City of the Damned,2139
88827,20,Battle Cry: 150th Civil War Anniversary Edition,2178
24742,9,Cold War: CIA vs KGB,2218
139771,9,Star Trek: Attack Wing,2254
253618,13,5-Minute Marvel,2270
171726,12,Project: ELITE,2329
142271,35,Anomia: Party Edition,2345
24703,9,Heroscape Marvel: The Conflict Begins,2380
442,10,Um Reifenbreite,2414
234,20,Hannibal: Rome vs. Carthage,484
243,20,Advanced Squad Leader,575
25417,9,BattleLore,606
1513,20,The Republic of Rome,823
20963,9,Fury of Dracula (Second Edition),882
1035,20,Squad Leader,1010
240,20,Britannia,1183
104710,9,Wiz-War (Eighth Edition),1241
21523,9,Runebound: Second Edition,1275
1608,20,Ambush!,1368
551,10,Battle Cry,1409
18258,9,Mission: Red Planet,1589
132372,10,Guildhall,1627
103,20,Titan,1687
2122,9,Vampire: The Eternal Struggle,1761
15126,20,Advanced Squad Leader: Starter Kit #2,1769
22,20,Magic Realm,1846
915,10,Mystery of the Abbey,1928
20542,20,Advanced Squad Leader: Starter Kit #3,1957
22877,20,Fields of Fire,1961
5206,20,Ogre,2051
131111,9,Codex: Card-Time Strategy – Deluxe Set,2087
1499,20,World in Flames,2108
47055,20,High Frontier,2126
2251,38,Strat-O-Matic Baseball,2156
240271,12,Core Space,2229
21551,20,SPQR (Deluxe Edition),2298
1032,20,B-17: Queen of the Skies,2303
3931,10,Mare Nostrum,2312
1887,9,Legend of the Five Rings,2351
12477,10,Bootleggers,2364
113636,10,Edo,2378
17710,20,Conquest of the Empire,2469
65564,20,Hornet Leader: Carrier Air Operations,2498
121,20,Dune,572
24800,20,Conflict of Heroes: Awakening the Bear! – Russia 1941-42,1134
224,20,History of the World,1245
12995,9,Dungeon Twister,1563
38343,10,Ad Astra,2064
237,20,Wooden Ships & Iron Men,2135
31105,10,Archaeology: The Card Game,2407
586,20,Up Front,1034
939,10,Star Wars: The Queen's Gambit,1293
17396,20,Manoeuvre,1568
38823,20,Conflict of Heroes: Storms of Steel! – Kursk 1943,1799
196,20,Kremlin,1860
37919,10,Ascending Empires,1972
7480,20,"Sword of Rome: Conquest of Italy, 362-272 BC",2005
2081,20,The Civil War 1861-1865,2120
701,20,A House Divided: War Between the States 1861-65,2209
2808,20,The Russian Campaign,2212
254,20,Empires in Arms,2238
29937,10,König von Siam,2258
1662,20,"Napoléon: The Waterloo Campaign, 1815",2292
730,20,Breakout: Normandy,2372
84,20,Rommel in the Desert,2386
472,9,DungeonQuest,2406
1345,10,Genoa,1116
2181,10,Bridge,1135
491,10,Web of Power,1162
60,10,Vinci,1377
137297,8,Rise of Augustus,1426
8989,10,Hansa,1442
105,10,Colossal Arena,1463
42452,10,Rattus,1525
230,10,Merchant of Venus,1644
167270,10,Medina (Second Edition),1655
9203,10,Wings of War: Famous Aces,1658
5716,10,Balloon Cup,1721
57390,9,Catacombs,1727
878,10,Wyatt Earp,1738
9446,10,Blue Moon,1778
119,10,Cosmolancer,1783
1231,10,Bandu,1810
16496,10,Roma,1831
492,10,Aladdin's Dragons,1889
24827,10,Traders of Osaka,1905
13780,10,In the Shadow of the Emperor,1996
31497,10,Oregon,1997
22484,10,Ingenious: Travel Edition,2050
26,10,Age of Renaissance,2065
34194,10,Aquaretto,2068
58936,10,Wars of the Roses: Lancaster vs. York,2143
6351,10,Gulo Gulo,2144
24773,10,On the Underground,2149
986,10,Babel,2159
127997,10,Qin,2246
35435,10,Nefertiti,2264
91984,10,Québec,2266
35503,10,Ra: The Dice Game,2271
104955,8,Antike Duellum,2273
33154,10,Wasabi!,2353
118695,10,Riff Raff,2396
56931,10,Arena: Roma II,2410
34707,10,The Hanging Gardens,2432
40393,10,FITS,2490
8051,10,Attika,1144
24417,10,Factory Fun,1922
152,10,Mü & More,1940
70,10,Big City,2257
37387,10,Steel Driver,2323
4396,10,Odin's Ravens,2237
